,Geography,NAME,EstimateTotalPopulation 5 and over,EstimateTotalPopulation 5 and overSpeak only English,EstimateTotalPopulation 5 and overSpeak a language other than English,EstimateTotalPopulation 5 and overSPEAK A LANGUAGE OTHER THAN ENGLISHSpanish,EstimateTotalPopulation 5 and overSPEAK A LANGUAGE OTHER THAN ENGLISHSpanish5 to 17 old,EstimateTotalPopulation 5 and overSPEAK A LANGUAGE OTHER THAN ENGLISHSpanish18 to 64 old,EstimateTotalPopulation 5 and overSPEAK A LANGUAGE OTHER THAN ENGLISHSpanish65 old and over,EstimateTotalPopulation 5 and overSPEAK A LANGUAGE OTHER THAN ENGLISHOther Indo-European languages,EstimateTotalPopulation 5 and overSPEAK A LANGUAGE OTHER THAN ENGLISHOther Indo-European languages5 to 17 old,EstimateTotalPopulation 5 and overSPEAK A LANGUAGE OTHER THAN ENGLISHOther Indo-European languages18 to 64 old,EstimateTotalPopulation 5 and overSPEAK A LANGUAGE OTHER THAN ENGLISHOther Indo-European languages65 old and over,EstimateTotalPopulation 5 and overSPEAK A LANGUAGE OTHER THAN ENGLISHAsian and Pacific Island languages,EstimateTotalPopulation 5 and overSPEAK A LANGUAGE OTHER THAN ENGLISHAsian and Pacific Island languages5 to 17 old,EstimateTotalPopulation 5 and overSPEAK A LANGUAGE OTHER THAN ENGLISHAsian and Pacific Island languages18 to 64 old,EstimateTotalPopulation 5 and overSPEAK A LANGUAGE OTHER THAN ENGLISHAsian and Pacific Island languages65 old and over,EstimateTotalPopulation 5 and overSPEAK A LANGUAGE OTHER THAN ENGLISHOther languages,EstimateTotalPopulation 5 and overSPEAK A LANGUAGE OTHER THAN ENGLISHOther languages5 to 17 old,EstimateTotalPopulation 5 and overSPEAK A LANGUAGE OTHER THAN ENGLISHOther languages18 to 64 old,EstimateTotalPopulation 5 and overSPEAK A LANGUAGE OTHER THAN ENGLISHOther languages65 old and over,EstimateTotalCITIZENS 18 YEARS AND OVERAll citizens 18 old and over,EstimateTotalCITIZENS 18 YEARS AND OVERAll citizens 18 old and overSpeak only English,EstimateTotalCITIZENS 18 YEARS AND OVERAll citizens 18 old and overSpeak a language other than English,EstimateTotalCITIZENS 18 YEARS AND OVERAll citizens 18 old and overSpeak a language other than EnglishSpanish,EstimateTotalCITIZENS 18 YEARS AND OVERAll citizens 18 old and overSpeak a language other than EnglishOther languages,EstimatePercentPopulation 5 and overSpeak only English,EstimatePercentPopulation 5 and overSpeak a language other than English,EstimatePercentPopulation 5 and overSPEAK A LANGUAGE OTHER THAN ENGLISHSpanish,EstimatePercentPopulation 5 and overSPEAK A LANGUAGE OTHER THAN ENGLISHSpanish5 to 17 old,EstimatePercentPopulation 5 and overSPEAK A LANGUAGE OTHER THAN ENGLISHSpanish18 to 64 old,EstimatePercentPopulation 5 and overSPEAK A LANGUAGE OTHER THAN ENGLISHSpanish65 old and over,EstimatePercentPopulation 5 and overSPEAK A LANGUAGE OTHER THAN ENGLISHOther Indo-European languages,EstimatePercentPopulation 5 and overSPEAK A LANGUAGE OTHER THAN ENGLISHOther Indo-European languages5 to 17 old,EstimatePercentPopulation 5 and overSPEAK A LANGUAGE OTHER THAN ENGLISHOther Indo-European languages18 to 64 old,EstimatePercentPopulation 5 and overSPEAK A LANGUAGE OTHER THAN ENGLISHOther Indo-European languages65 old and over,EstimatePercentPopulation 5 and overSPEAK A LANGUAGE OTHER THAN ENGLISHAsian and Pacific Island languages,EstimatePercentPopulation 5 and overSPEAK A LANGUAGE OTHER THAN ENGLISHAsian and Pacific Island languages5 to 17 old,EstimatePercentPopulation 5 and overSPEAK A LANGUAGE OTHER THAN ENGLISHAsian and Pacific Island languages18 to 64 old,EstimatePercentPopulation 5 and overSPEAK A LANGUAGE OTHER THAN ENGLISHAsian and Pacific Island languages65 old and over,EstimatePercentPopulation 5 and overSPEAK A LANGUAGE OTHER THAN ENGLISHOther languages,EstimatePercentPopulation 5 and overSPEAK A LANGUAGE OTHER THAN ENGLISHOther languages5 to 17 old,EstimatePercentPopulation 5 and overSPEAK A LANGUAGE OTHER THAN ENGLISHOther languages18 to 64 old,EstimatePercentPopulation 5 and overSPEAK A LANGUAGE OTHER THAN ENGLISHOther languages65 old and over,EstimatePercentCITIZENS 18 YEARS AND OVERAll citizens 18 old and overSpeak only English,EstimatePercentCITIZENS 18 YEARS AND OVERAll citizens 18 old and overSpeak a language other than English,EstimatePercentCITIZENS 18 YEARS AND OVERAll citizens 18 old and overSpeak a language other than EnglishSpanish,EstimatePercentCITIZENS 18 YEARS AND OVERAll citizens 18 old and overSpeak a language other than EnglishOther languages,EstimateSpeak English only or speak English \very well\Percent of specified language speakersPopulation 5 and over,EstimateSpeak English only or speak English \very well\Percent of specified language speakersPopulation 5 and overSpeak a language other than English,EstimateSpeak English only or speak English \very well\Percent of specified language speakersPopulation 5 and overSPEAK A LANGUAGE OTHER THAN ENGLISHSpanish,EstimateSpeak English only or speak English \very well\Percent of specified language speakersPopulation 5 and overSPEAK A LANGUAGE OTHER THAN ENGLISHSpanish5 to 17 old,EstimateSpeak English only or speak English \very well\Percent of specified language speakersPopulation 5 and overSPEAK A LANGUAGE OTHER THAN ENGLISHSpanish18 to 64 old,EstimateSpeak English only or speak English \very well\Percent of specified language speakersPopulation 5 and overSPEAK A LANGUAGE OTHER THAN ENGLISHSpanish65 old and over,EstimateSpeak English only or speak English \very well\Percent of specified language speakersPopulation 5 and overSPEAK A LANGUAGE OTHER THAN ENGLISHOther Indo-European languages,EstimateSpeak English only or speak English \very well\Percent of specified language speakersPopulation 5 and overSPEAK A LANGUAGE OTHER THAN ENGLISHOther Indo-European languages5 to 17 old,EstimateSpeak English only or speak English \very well\Percent of specified language speakersPopulation 5 and overSPEAK A LANGUAGE OTHER THAN ENGLISHOther Indo-European languages18 to 64 old,EstimateSpeak English only or speak English \very well\Percent of specified language speakersPopulation 5 and overSPEAK A LANGUAGE OTHER THAN ENGLISHOther Indo-European languages65 old and over,EstimateSpeak English only or speak English \very well\Percent of specified language speakersPopulation 5 and overSPEAK A LANGUAGE OTHER THAN ENGLISHAsian and Pacific Island languages,EstimateSpeak English only or speak English \very well\Percent of specified language speakersPopulation 5 and overSPEAK A LANGUAGE OTHER THAN ENGLISHAsian and Pacific Island languages5 to 17 old,EstimateSpeak English only or speak English \very well\Percent of specified language speakersPopulation 5 and overSPEAK A LANGUAGE OTHER THAN ENGLISHAsian and Pacific Island languages18 to 64 old,EstimateSpeak English only or speak English \very well\Percent of specified language speakersPopulation 5 and overSPEAK A LANGUAGE OTHER THAN ENGLISHAsian and Pacific Island languages65 old and over,EstimateSpeak English only or speak English \very well\Percent of specified language speakersPopulation 5 and overSPEAK A LANGUAGE OTHER THAN ENGLISHOther languages,EstimateSpeak English only or speak English \very well\Percent of specified language speakersPopulation 5 and overSPEAK A LANGUAGE OTHER THAN ENGLISHOther languages5 to 17 old,EstimateSpeak English only or speak English \very well\Percent of specified language speakersPopulation 5 and overSPEAK A LANGUAGE OTHER THAN ENGLISHOther languages18 to 64 old,EstimateSpeak English only or speak English \very well\Percent of specified language speakersPopulation 5 and overSPEAK A LANGUAGE OTHER THAN ENGLISHOther languages65 old and over,EstimateSpeak English only or speak English \very well\Percent of specified language speakersCITIZENS 18 YEARS AND OVERAll citizens 18 old and over,EstimateSpeak English only or speak English \very well\Percent of specified language speakersCITIZENS 18 YEARS AND OVERAll citizens 18 old and overSpeak a language other than English,EstimateSpeak English only or speak English \very well\Percent of specified language speakersCITIZENS 18 YEARS AND OVERAll citizens 18 old and overSpeak a language other than EnglishSpanish,EstimateSpeak English only or speak English \very well\Percent of specified language speakersCITIZENS 18 YEARS AND OVERAll citizens 18 old and overSpeak a language other than EnglishOther languages,EstimatePercent speak English only or speak English \very well\Percent of specified language speakersPopulation 5 and over,EstimatePercent speak English only or speak English \very well\Percent of specified language speakersPopulation 5 and overSpeak a language other than English,EstimatePercent speak English only or speak English \very well\Percent of specified language speakersPopulation 5 and overSPEAK A LANGUAGE OTHER THAN ENGLISHSpanish,EstimatePercent speak English only or speak English \very well\Percent of specified language speakersPopulation 5 and overSPEAK A LANGUAGE OTHER THAN ENGLISHSpanish5 to 17 old,EstimatePercent speak English only or speak English \very well\Percent of specified language speakersPopulation 5 and overSPEAK A LANGUAGE OTHER THAN ENGLISHSpanish18 to 64 old,EstimatePercent speak English only or speak English \very well\Percent of specified language speakersPopulation 5 and overSPEAK A LANGUAGE OTHER THAN ENGLISHSpanish65 old and over,EstimatePercent speak English only or speak English \very well\Percent of specified language speakersPopulation 5 and overSPEAK A LANGUAGE OTHER THAN ENGLISHOther Indo-European languages,EstimatePercent speak English only or speak English \very well\Percent of specified language speakersPopulation 5 and overSPEAK A LANGUAGE OTHER THAN ENGLISHOther Indo-European languages5 to 17 old,EstimatePercent speak English only or speak English \very well\Percent of specified language speakersPopulation 5 and overSPEAK A LANGUAGE OTHER THAN ENGLISHOther Indo-European languages18 to 64 old,EstimatePercent speak English only or speak English \very well\Percent of specified language speakersPopulation 5 and overSPEAK A LANGUAGE OTHER THAN ENGLISHOther Indo-European languages65 old and over,EstimatePercent speak English only or speak English \very well\Percent of specified language speakersPopulation 5 and overSPEAK A LANGUAGE OTHER THAN ENGLISHAsian and Pacific Island languages,EstimatePercent speak English only or speak English \very well\Percent of specified language speakersPopulation 5 and overSPEAK A LANGUAGE OTHER THAN ENGLISHAsian and Pacific Island languages5 to 17 old,EstimatePercent speak English only or speak English \very well\Percent of specified language speakersPopulation 5 and overSPEAK A LANGUAGE OTHER THAN ENGLISHAsian and Pacific Island languages18 to 64 old,EstimatePercent speak English only or speak English \very well\Percent of specified language speakersPopulation 5 and overSPEAK A LANGUAGE OTHER THAN ENGLISHAsian and Pacific Island languages65 old and over,EstimatePercent speak English only or speak English \very well\Percent of specified language speakersPopulation 5 and overSPEAK A LANGUAGE OTHER THAN ENGLISHOther languages,EstimatePercent speak English only or speak English \very well\Percent of specified language speakersPopulation 5 and overSPEAK A LANGUAGE OTHER THAN ENGLISHOther languages5 to 17 old,EstimatePercent speak English only or speak English \very well\Percent of specified language speakersPopulation 5 and overSPEAK A LANGUAGE OTHER THAN ENGLISHOther languages18 to 64 old,EstimatePercent speak English only or speak English \very well\Percent of specified language speakersPopulation 5 and overSPEAK A LANGUAGE OTHER THAN ENGLISHOther languages65 old and over,EstimatePercent speak English only or speak English \very well\Percent of specified language speakersCITIZENS 18 YEARS AND OVERAll citizens 18 old and over,EstimatePercent speak English only or speak English \very well\Percent of specified language speakersCITIZENS 18 YEARS AND OVERAll citizens 18 old and overSpeak a language other than English,EstimatePercent speak English only or speak English \very well\Percent of specified language speakersCITIZENS 18 YEARS AND OVERAll citizens 18 old and overSpeak a language other than EnglishSpanish,EstimatePercent speak English only or speak English \very well\Percent of specified language speakersCITIZENS 18 YEARS AND OVERAll citizens 18 old and overSpeak a language other than EnglishOther languages,EstimateSpeak English  less than \very well\Percent of specified language speakersPopulation 5 and over,EstimateSpeak English  less than \very well\Percent of specified language speakersPopulation 5 and overSpeak a language other than English,EstimateSpeak English  less than \very well\Percent of specified language speakersPopulation 5 and overSPEAK A LANGUAGE OTHER THAN ENGLISHSpanish,EstimateSpeak English  less than \very well\Percent of specified language speakersPopulation 5 and overSPEAK A LANGUAGE OTHER THAN ENGLISHSpanish5 to 17 old,EstimateSpeak English  less than \very well\Percent of specified language speakersPopulation 5 and overSPEAK A LANGUAGE OTHER THAN ENGLISHSpanish18 to 64 old,EstimateSpeak English  less than \very well\Percent of specified language speakersPopulation 5 and overSPEAK A LANGUAGE OTHER THAN ENGLISHSpanish65 old and over,EstimateSpeak English  less than \very well\Percent of specified language speakersPopulation 5 and overSPEAK A LANGUAGE OTHER THAN ENGLISHOther Indo-European languages,EstimateSpeak English  less than \very well\Percent of specified language speakersPopulation 5 and overSPEAK A LANGUAGE OTHER THAN ENGLISHOther Indo-European languages5 to 17 old,EstimateSpeak English  less than \very well\Percent of specified language speakersPopulation 5 and overSPEAK A LANGUAGE OTHER THAN ENGLISHOther Indo-European languages18 to 64 old,EstimateSpeak English  less than \very well\Percent of specified language speakersPopulation 5 and overSPEAK A LANGUAGE OTHER THAN ENGLISHOther Indo-European languages65 old and over,EstimateSpeak English  less than \very well\Percent of specified language speakersPopulation 5 and overSPEAK A LANGUAGE OTHER THAN ENGLISHAsian and Pacific Island languages,EstimateSpeak English  less than \very well\Percent of specified language speakersPopulation 5 and overSPEAK A LANGUAGE OTHER THAN ENGLISHAsian and Pacific Island languages5 to 17 old,EstimateSpeak English  less than \very well\Percent of specified language speakersPopulation 5 and overSPEAK A LANGUAGE OTHER THAN ENGLISHAsian and Pacific Island languages18 to 64 old,EstimateSpeak English  less than \very well\Percent of specified language speakersPopulation 5 and overSPEAK A LANGUAGE OTHER THAN ENGLISHAsian and Pacific Island languages65 old and over,EstimateSpeak English  less than \very well\Percent of specified language speakersPopulation 5 and overSPEAK A LANGUAGE OTHER THAN ENGLISHOther languages,EstimateSpeak English  less than \very well\Percent of specified language speakersPopulation 5 and overSPEAK A LANGUAGE OTHER THAN ENGLISHOther languages5 to 17 old,EstimateSpeak English  less than \very well\Percent of specified language speakersPopulation 5 and overSPEAK A LANGUAGE OTHER THAN ENGLISHOther languages18 to 64 old,EstimateSpeak English  less than \very well\Percent of specified language speakersPopulation 5 and overSPEAK A LANGUAGE OTHER THAN ENGLISHOther languages65 old and over,EstimateSpeak English  less than \very well\Percent of specified language speakersCITIZENS 18 YEARS AND OVERAll citizens 18 old and over,EstimateSpeak English  less than \very well\Percent of specified language speakersCITIZENS 18 YEARS AND OVERAll citizens 18 old and overSpeak a language other than English,EstimateSpeak English  less than \very well\Percent of specified language speakersCITIZENS 18 YEARS AND OVERAll citizens 18 old and overSpeak a language other than EnglishSpanish,EstimateSpeak English  less than \very well\Percent of specified language speakersCITIZENS 18 YEARS AND OVERAll citizens 18 old and overSpeak a language other than EnglishOther languages,EstimatePercent speak English less than \very well\Percent of specified language speakersPopulation 5 and over,EstimatePercent speak English less than \very well\Percent of specified language speakersPopulation 5 and overSpeak a language other than English,EstimatePercent speak English less than \very well\Percent of specified language speakersPopulation 5 and overSPEAK A LANGUAGE OTHER THAN ENGLISHSpanish,EstimatePercent speak English less than \very well\Percent of specified language speakersPopulation 5 and overSPEAK A LANGUAGE OTHER THAN ENGLISHSpanish5 to 17 old,EstimatePercent speak English less than \very well\Percent of specified language speakersPopulation 5 and overSPEAK A LANGUAGE OTHER THAN ENGLISHSpanish18 to 64 old,EstimatePercent speak English less than \very well\Percent of specified language speakersPopulation 5 and overSPEAK A LANGUAGE OTHER THAN ENGLISHSpanish65 old and over,EstimatePercent speak English less than \very well\Percent of specified language speakersPopulation 5 and overSPEAK A LANGUAGE OTHER THAN ENGLISHOther Indo-European languages,EstimatePercent speak English less than \very well\Percent of specified language speakersPopulation 5 and overSPEAK A LANGUAGE OTHER THAN ENGLISHOther Indo-European languages5 to 17 old,EstimatePercent speak English less than \very well\Percent of specified language speakersPopulation 5 and overSPEAK A LANGUAGE OTHER THAN ENGLISHOther Indo-European languages18 to 64 old,EstimatePercent speak English less than \very well\Percent of specified language speakersPopulation 5 and overSPEAK A LANGUAGE OTHER THAN ENGLISHOther Indo-European languages65 old and over,EstimatePercent speak English less than \very well\Percent of specified language speakersPopulation 5 and overSPEAK A LANGUAGE OTHER THAN ENGLISHAsian and Pacific Island languages,EstimatePercent speak English less than \very well\Percent of specified language speakersPopulation 5 and overSPEAK A LANGUAGE OTHER THAN ENGLISHAsian and Pacific Island languages5 to 17 old,EstimatePercent speak English less than \very well\Percent of specified language speakersPopulation 5 and overSPEAK A LANGUAGE OTHER THAN ENGLISHAsian and Pacific Island languages18 to 64 old,EstimatePercent speak English less than \very well\Percent of specified language speakersPopulation 5 and overSPEAK A LANGUAGE OTHER THAN ENGLISHAsian and Pacific Island languages65 old and over,EstimatePercent speak English less than \very well\Percent of specified language speakersPopulation 5 and overSPEAK A LANGUAGE OTHER THAN ENGLISHOther languages,EstimatePercent speak English less than \very well\Percent of specified language speakersPopulation 5 and overSPEAK A LANGUAGE OTHER THAN ENGLISHOther languages5 to 17 old,EstimatePercent speak English less than \very well\Percent of specified language speakersPopulation 5 and overSPEAK A LANGUAGE OTHER THAN ENGLISHOther languages18 to 64 old,EstimatePercent speak English less than \very well\Percent of specified language speakersPopulation 5 and overSPEAK A LANGUAGE OTHER THAN ENGLISHOther languages65 old and over,EstimatePercent speak English less than \very well\Percent of specified language speakersCITIZENS 18 YEARS AND OVERAll citizens 18 old and over,EstimatePercent speak English less than \very well\Percent of specified language speakersCITIZENS 18 YEARS AND OVERAll citizens 18 old and overSpeak a language other than English,EstimatePercent speak English less than \very well\Percent of specified language speakersCITIZENS 18 YEARS AND OVERAll citizens 18 old and overSpeak a language other than EnglishSpanish,EstimatePercent speak English less than \very well\Percent of specified language speakersCITIZENS 18 YEARS AND OVERAll citizens 18 old and overSpeak a language other than EnglishOther languages,state,State
1,0500000US17001,Adams County,61911,60491,1420,597,102,460,35,446,157,213,76,272,25,236,11,105,32,67,6,50635,49687,948,460,488,97.7,2.3,1.0,0.2,0.7,0.1,0.7,0.3,0.3,0.1,0.4,0.0,0.4,0.0,0.2,0.1,0.1,0.0,98.1,1.9,0.9,1.0,61739,1248,533,100,402,31,389,145,175,69,229,18,207,4,97,25,66,6,50546,859,404,455,99.7,87.9,89.3,98.0,87.4,88.6,87.2,92.4,82.2,90.8,84.2,72.0,87.7,36.4,92.4,78.1,98.5,100.0,99.8,90.6,87.8,93.2,172,172,64,2,58,4,57,12,38,7,43,7,29,7,8,7,1,0,89,89,56,33,0.3,12.1,10.7,2.0,12.6,11.4,12.8,7.6,17.8,9.2,15.8,28.0,12.3,63.6,7.6,21.9,1.5,0.0,0.2,9.4,12.2,6.8,17|001,Illinois
2,0500000US17003,Alexander County,5249,5216,33,33,0,33,0,0,0,0,0,0,0,0,0,0,0,0,0,4241,4208,33,33,0,99.4,0.6,0.6,0.0,0.6,0.0,0.0,0.0,0.0,0.0,0.0,0.0,0.0,0.0,0.0,0.0,0.0,0.0,99.2,0.8,0.8,0.0,5241,25,25,0,25,0,0,0,0,0,0,0,0,0,0,0,0,0,4233,25,25,0,99.8,75.8,75.8,,75.8,,,,,,,,,,,,,,99.8,75.8,75.8,,8,8,8,0,8,0,0,0,0,0,0,0,0,0,0,0,0,0,8,8,8,0,0.2,24.2,24.2,,24.2,,,,,,,,,,,,,,0.2,24.2,24.2,,17|003,Illinois
3,0500000US17005,Bond County,16123,15647,476,325,30,277,18,61,18,28,15,90,0,80,10,0,0,0,0,13549,13206,343,221,122,97.0,3.0,2.0,0.2,1.7,0.1,0.4,0.1,0.2,0.1,0.6,0.0,0.5,0.1,0.0,0.0,0.0,0.0,97.5,2.5,1.6,0.9,15970,323,259,27,214,18,55,18,22,15,9,0,9,0,0,0,0,0,13422,216,179,37,99.1,67.9,79.7,90.0,77.3,100.0,90.2,100.0,78.6,100.0,10.0,,11.3,0.0,,,,,99.1,63.0,81.0,30.3,153,153,66,3,63,0,6,0,6,0,81,0,71,10,0,0,0,0,127,127,42,85,0.9,32.1,20.3,10.0,22.7,0.0,9.8,0.0,21.4,0.0,90.0,,88.8,100.0,,,,,0.9,37.0,19.0,69.7,17|005,Illinois
4,0500000US17007,Boone County,50690,41080,9610,8409,2237,5720,452,698,44,445,209,286,0,187,99,217,0,217,0,37632,32939,4693,3813,880,81.0,19.0,16.6,4.4,11.3,0.9,1.4,0.1,0.9,0.4,0.6,0.0,0.4,0.2,0.4,0.0,0.4,0.0,87.5,12.5,10.1,2.3,47519,6439,5656,1949,3574,133,376,44,279,53,190,0,139,51,217,0,217,0,36465,3526,2886,640,93.7,67.0,67.3,87.1,62.5,29.4,53.9,100.0,62.7,25.4,66.4,,74.3,51.5,100.0,,100.0,,96.9,75.1,75.7,72.7,3171,3171,2753,288,2146,319,322,0,166,156,96,0,48,48,0,0,0,0,1167,1167,927,240,6.3,33.0,32.7,12.9,37.5,70.6,46.1,0.0,37.3,74.6,33.6,,25.7,48.5,0.0,,0.0,,3.1,24.9,24.3,27.3,17|007,Illinois
5,0500000US17009,Brown County,6031,5686,345,224,0,201,23,109,45,46,18,3,0,3,0,9,0,9,0,5175,4913,262,213,49,94.3,5.7,3.7,0.0,3.3,0.4,1.8,0.7,0.8,0.3,0.0,0.0,0.0,0.0,0.1,0.0,0.1,0.0,94.9,5.1,4.1,0.9,5944,258,165,0,156,9,90,28,46,16,3,0,3,0,0,0,0,0,5107,194,154,40,98.6,74.8,73.7,,77.6,39.1,82.6,62.2,100.0,88.9,100.0,,100.0,,0.0,,0.0,,98.7,74.0,72.3,81.6,87,87,59,0,45,14,19,17,0,2,0,0,0,0,9,0,9,0,68,68,59,9,1.4,25.2,26.3,,22.4,60.9,17.4,37.8,0.0,11.1,0.0,,0.0,,100.0,,100.0,,1.3,26.0,27.7,18.4,17|009,Illinois
6,0500000US17011,Bureau County,31645,29200,2445,1694,315,1198,181,412,70,244,98,269,51,153,65,70,10,60,0,25648,24169,1479,1005,474,92.3,7.7,5.4,1.0,3.8,0.6,1.3,0.2,0.8,0.3,0.9,0.2,0.5,0.2,0.2,0.0,0.2,0.0,94.2,5.8,3.9,1.8,30741,1541,1011,236,734,41,280,4,211,65,220,47,138,35,30,6,24,0,25231,1062,679,383,97.1,63.0,59.7,74.9,61.3,22.7,68.0,5.7,86.5,66.3,81.8,92.2,90.2,53.8,42.9,60.0,40.0,,98.4,71.8,67.6,80.8,904,904,683,79,464,140,132,66,33,33,49,4,15,30,40,4,36,0,417,417,326,91,2.9,37.0,40.3,25.1,38.7,77.3,32.0,94.3,13.5,33.7,18.2,7.8,9.8,46.2,57.1,40.0,60.0,,1.6,28.2,32.4,19.2,17|011,Illinois
7,0500000US17013,Calhoun County,4324,4291,33,14,0,10,4,17,0,10,7,2,0,0,2,0,0,0,0,3616,3586,30,13,17,99.2,0.8,0.3,0.0,0.2,0.1,0.4,0.0,0.2,0.2,0.0,0.0,0.0,0.0,0.0,0.0,0.0,0.0,99.2,0.8,0.4,0.5,4314,23,13,0,9,4,8,0,8,0,2,0,0,2,0,0,0,0,3609,23,13,10,99.8,69.7,92.9,,90.0,100.0,47.1,,80.0,0.0,100.0,,,100.0,,,,,99.8,76.7,100.0,58.8,10,10,1,0,1,0,9,0,2,7,0,0,0,0,0,0,0,0,7,7,0,7,0.2,30.3,7.1,,10.0,0.0,52.9,,20.0,100.0,0.0,,,0.0,,,,,0.2,23.3,0.0,41.2,17|013,Illinois
8,0500000US17015,Carroll County,14827,14156,671,221,8,194,19,407,66,168,173,26,2,20,4,17,3,11,3,12381,11917,464,188,276,95.5,4.5,1.5,0.1,1.3,0.1,2.7,0.4,1.1,1.2,0.2,0.0,0.1,0.0,0.1,0.0,0.1,0.0,96.3,3.7,1.5,2.2,14705,549,184,8,172,4,346,54,145,147,4,2,2,0,15,3,9,3,12301,384,152,232,99.2,81.8,83.3,100.0,88.7,21.1,85.0,81.8,86.3,85.0,15.4,100.0,10.0,0.0,88.2,100.0,81.8,100.0,99.4,82.8,80.9,84.1,122,122,37,0,22,15,61,12,23,26,22,0,18,4,2,0,2,0,80,80,36,44,0.8,18.2,16.7,0.0,11.3,78.9,15.0,18.2,13.7,15.0,84.6,0.0,90.0,100.0,11.8,0.0,18.2,0.0,0.6,17.2,19.1,15.9,17|015,Illinois
9,0500000US17017,Cass County,12274,10022,2252,1907,607,1253,47,200,57,137,6,81,0,79,2,64,22,42,0,8838,8068,770,697,73,81.7,18.3,15.5,4.9,10.2,0.4,1.6,0.5,1.1,0.0,0.7,0.0,0.6,0.0,0.5,0.2,0.3,0.0,91.3,8.7,7.9,0.8,10999,977,888,417,471,0,47,31,16,0,20,0,18,2,22,22,0,0,8415,347,314,33,89.6,43.4,46.6,68.7,37.6,0.0,23.5,54.4,11.7,0.0,24.7,,22.8,100.0,34.4,100.0,0.0,,95.2,45.1,45.1,45.2,1275,1275,1019,190,782,47,153,26,121,6,61,0,61,0,42,0,42,0,423,423,383,40,10.4,56.6,53.4,31.3,62.4,100.0,76.5,45.6,88.3,100.0,75.3,,77.2,0.0,65.6,0.0,100.0,,4.8,54.9,54.9,54.8,17|017,Illinois
10,0500000US17019,Champaign County,195478,161424,34054,9004,2025,6692,287,8941,873,7258,810,14256,1473,11933,850,1853,348,1401,104,151181,135925,15256,5382,9874,82.6,17.4,4.6,1.0,3.4,0.1,4.6,0.4,3.7,0.4,7.3,0.8,6.1,0.4,0.9,0.2,0.7,0.1,89.9,10.1,3.6,6.5,184178,22754,6167,1339,4747,81,6517,501,5395,621,8632,1102,7144,386,1438,348,990,100,147596,11671,3909,7762,94.2,66.8,68.5,66.1,70.9,28.2,72.9,57.4,74.3,76.7,60.5,74.8,59.9,45.4,77.6,100.0,70.7,96.2,97.6,76.5,72.6,78.6,11300,11300,2837,686,1945,206,2424,372,1863,189,5624,371,4789,464,415,0,411,4,3585,3585,1473,2112,5.8,33.2,31.5,33.9,29.1,71.8,27.1,42.6,25.7,23.3,39.5,25.2,40.1,54.6,22.4,0.0,29.3,3.8,2.4,23.5,27.4,21.4,17|019,Illinois
11,0500000US17021,Christian County,32129,31247,882,556,184,360,12,147,12,90,45,177,8,147,22,2,0,2,0,26628,26120,508,232,276,97.3,2.7,1.7,0.6,1.1,0.0,0.5,0.0,0.3,0.1,0.6,0.0,0.5,0.1,0.0,0.0,0.0,0.0,98.1,1.9,0.9,1.0,31887,640,448,166,270,12,125,12,90,23,65,4,61,0,2,0,2,0,26475,355,192,163,99.2,72.6,80.6,90.2,75.0,100.0,85.0,100.0,100.0,51.1,36.7,50.0,41.5,0.0,100.0,,100.0,,99.4,69.9,82.8,59.1,242,242,108,18,90,0,22,0,0,22,112,4,86,22,0,0,0,0,153,153,40,113,0.8,27.4,19.4,9.8,25.0,0.0,15.0,0.0,0.0,48.9,63.3,50.0,58.5,100.0,0.0,,0.0,,0.6,30.1,17.2,40.9,17|021,Illinois
12,0500000US17023,Clark County,14694,14456,238,118,5,109,4,114,14,86,14,0,0,0,0,6,0,0,6,11917,11746,171,105,66,98.4,1.6,0.8,0.0,0.7,0.0,0.8,0.1,0.6,0.1,0.0,0.0,0.0,0.0,0.0,0.0,0.0,0.0,98.6,1.4,0.9,0.6,14614,158,52,5,43,4,100,14,80,6,0,0,0,0,6,0,0,6,11843,97,39,58,99.5,66.4,44.1,100.0,39.4,100.0,87.7,100.0,93.0,42.9,,,,,100.0,,,100.0,99.4,56.7,37.1,87.9,80,80,66,0,66,0,14,0,6,8,0,0,0,0,0,0,0,0,74,74,66,8,0.5,33.6,55.9,0.0,60.6,0.0,12.3,0.0,7.0,57.1,,,,,0.0,,,0.0,0.6,43.3,62.9,12.1,17|023,Illinois
13,0500000US17025,Clay County,12570,12425,145,110,24,49,37,32,6,20,6,2,0,0,2,1,0,1,0,10238,10126,112,85,27,98.8,1.2,0.9,0.2,0.4,0.3,0.3,0.0,0.2,0.0,0.0,0.0,0.0,0.0,0.0,0.0,0.0,0.0,98.9,1.1,0.8,0.3,12464,39,18,0,18,0,21,6,9,6,0,0,0,0,0,0,0,0,10156,30,17,13,99.2,26.9,16.4,0.0,36.7,0.0,65.6,100.0,45.0,100.0,0.0,,,0.0,0.0,,0.0,,99.2,26.8,20.0,48.1,106,106,92,24,31,37,11,0,11,0,2,0,0,2,1,0,1,0,82,82,68,14,0.8,73.1,83.6,100.0,63.3,100.0,34.4,0.0,55.0,0.0,100.0,,,100.0,100.0,,100.0,,0.8,73.2,80.0,51.9,17|025,Illinois
14,0500000US17027,Clinton County,34959,33540,1419,936,250,657,29,284,55,114,115,195,47,112,36,4,0,4,0,28767,28024,743,410,333,95.9,4.1,2.7,0.7,1.9,0.1,0.8,0.2,0.3,0.3,0.6,0.1,0.3,0.1,0.0,0.0,0.0,0.0,97.4,2.6,1.4,1.2,34470,930,596,185,382,29,215,8,94,113,115,3,86,26,4,0,4,0,28604,580,276,304,98.6,65.5,63.7,74.0,58.1,100.0,75.7,14.5,82.5,98.3,59.0,6.4,76.8,72.2,100.0,,100.0,,99.4,78.1,67.3,91.3,489,489,340,65,275,0,69,47,20,2,80,44,26,10,0,0,0,0,163,163,134,29,1.4,34.5,36.3,26.0,41.9,0.0,24.3,85.5,17.5,1.7,41.0,93.6,23.2,27.8,0.0,,0.0,,0.6,21.9,32.7,8.7,17|027,Illinois
15,0500000US17029,Coles County,45262,43604,1658,611,108,467,36,665,111,396,158,284,38,189,57,98,34,64,0,38468,37392,1076,451,625,96.3,3.7,1.3,0.2,1.0,0.1,1.5,0.2,0.9,0.3,0.6,0.1,0.4,0.1,0.2,0.1,0.1,0.0,97.2,2.8,1.2,1.6,44907,1303,450,102,340,8,583,111,351,121,172,0,123,49,98,34,64,0,38222,830,314,516,99.2,78.6,73.6,94.4,72.8,22.2,87.7,100.0,88.6,76.6,60.6,0.0,65.1,86.0,100.0,100.0,100.0,,99.4,77.1,69.6,82.6,355,355,161,6,127,28,82,0,45,37,112,38,66,8,0,0,0,0,246,246,137,109,0.8,21.4,26.4,5.6,27.2,77.8,12.3,0.0,11.4,23.4,39.4,100.0,34.9,14.0,0.0,0.0,0.0,,0.6,22.9,30.4,17.4,17|029,Illinois
16,0500000US17031,Cook County,4952990,3215693,1737297,1020049,214309,715913,89827,415520,50885,288812,75823,206457,21411,146386,38660,95271,16445,69397,9429,3619806,2637456,982350,545972,436378,64.9,35.1,20.6,4.3,14.5,1.8,8.4,1.0,5.8,1.5,4.2,0.4,3.0,0.8,1.9,0.3,1.4,0.2,72.9,27.1,15.1,12.1,4279488,1063795,619278,174493,418225,26560,264063,44379,188299,31385,116464,16517,86766,13181,63990,13622,45607,4761,3302747,665291,384770,280521,86.4,61.2,60.7,81.4,58.4,29.6,63.6,87.2,65.2,41.4,56.4,77.1,59.3,34.1,67.2,82.8,65.7,50.5,91.2,67.7,70.5,64.3,673502,673502,400771,39816,297688,63267,151457,6506,100513,44438,89993,4894,59620,25479,31281,2823,23790,4668,317059,317059,161202,155857,13.6,38.8,39.3,18.6,41.6,70.4,36.4,12.8,34.8,58.6,43.6,22.9,40.7,65.9,32.8,17.2,34.3,49.5,8.8,32.3,29.5,35.7,17|031,Illinois
17,0500000US17033,Crawford County,17868,17233,635,338,13,321,4,186,26,140,20,90,20,67,3,21,0,19,2,15000,14531,469,234,235,96.4,3.6,1.9,0.1,1.8,0.0,1.0,0.1,0.8,0.1,0.5,0.1,0.4,0.0,0.1,0.0,0.1,0.0,96.9,3.1,1.6,1.6,17695,462,217,12,204,1,157,13,132,12,67,20,47,0,21,0,19,2,14935,404,194,210,99.0,72.8,64.2,92.3,63.6,25.0,84.4,50.0,94.3,60.0,74.4,100.0,70.1,0.0,100.0,,100.0,100.0,99.6,86.1,82.9,89.4,173,173,121,1,117,3,29,13,8,8,23,0,20,3,0,0,0,0,65,65,40,25,1.0,27.2,35.8,7.7,36.4,75.0,15.6,50.0,5.7,40.0,25.6,0.0,29.9,100.0,0.0,,0.0,0.0,0.4,13.9,17.1,10.6,17|033,Illinois
18,0500000US17035,Cumberland County,9880,9684,196,133,9,75,49,38,22,15,1,25,0,25,0,0,0,0,0,8058,7959,99,78,21,98.0,2.0,1.3,0.1,0.8,0.5,0.4,0.2,0.2,0.0,0.3,0.0,0.3,0.0,0.0,0.0,0.0,0.0,98.8,1.2,1.0,0.3,9787,103,60,9,44,7,30,22,7,1,13,0,13,0,0,0,0,0,7990,31,23,8,99.1,52.6,45.1,100.0,58.7,14.3,78.9,100.0,46.7,100.0,52.0,,52.0,,,,,,99.2,31.3,29.5,38.1,93,93,73,0,31,42,8,0,8,0,12,0,12,0,0,0,0,0,68,68,55,13,0.9,47.4,54.9,0.0,41.3,85.7,21.1,0.0,53.3,0.0,48.0,,48.0,,,,,,0.8,68.7,70.5,61.9,17|035,Illinois
19,0500000US17037,DeKalb County,95147,83217,11930,7577,1446,5768,363,1937,107,1622,208,1409,82,1174,153,1007,68,939,0,74873,68596,6277,3816,2461,87.5,12.5,8.0,1.5,6.1,0.4,2.0,0.1,1.7,0.2,1.5,0.1,1.2,0.2,1.1,0.1,1.0,0.0,91.6,8.4,5.1,3.3,91032,7815,4995,1187,3653,155,1483,87,1241,155,740,82,543,115,597,47,550,0,73613,5017,3054,1963,95.7,65.5,65.9,82.1,63.3,42.7,76.6,81.3,76.5,74.5,52.5,100.0,46.3,75.2,59.3,69.1,58.6,,98.3,79.9,80.0,79.8,4115,4115,2582,259,2115,208,454,20,381,53,669,0,631,38,410,21,389,0,1260,1260,762,498,4.3,34.5,34.1,17.9,36.7,57.3,23.4,18.7,23.5,25.5,47.5,0.0,53.7,24.8,40.7,30.9,41.4,,1.7,20.1,20.0,20.2,17|037,Illinois
20,0500000US17039,De Witt County,14786,14370,416,393,82,307,4,21,0,21,0,2,0,1,1,0,0,0,0,12146,11877,269,261,8,97.2,2.8,2.7,0.6,2.1,0.0,0.1,0.0,0.1,0.0,0.0,0.0,0.0,0.0,0.0,0.0,0.0,0.0,97.8,2.2,2.1,0.1,14702,332,322,82,237,3,8,0,8,0,2,0,1,1,0,0,0,0,12099,222,214,8,99.4,79.8,81.9,100.0,77.2,75.0,38.1,,38.1,,100.0,,100.0,100.0,,,,,99.6,82.5,82.0,100.0,84,84,71,0,70,1,13,0,13,0,0,0,0,0,0,0,0,0,47,47,47,0,0.6,20.2,18.1,0.0,22.8,25.0,61.9,,61.9,,0.0,,0.0,0.0,,,,,0.4,17.5,18.0,0.0,17|039,Illinois
21,0500000US17041,Douglas County,18384,14842,3542,1082,285,721,76,2420,748,1458,214,13,0,13,0,27,0,27,0,14508,12274,2234,583,1651,80.7,19.3,5.9,1.6,3.9,0.4,13.2,4.1,7.9,1.2,0.1,0.0,0.1,0.0,0.1,0.0,0.1,0.0,84.6,15.4,4.0,11.4,17239,2397,698,158,522,18,1659,342,1123,194,13,0,13,0,27,0,27,0,14006,1732,433,1299,93.8,67.7,64.5,55.4,72.4,23.7,68.6,45.7,77.0,90.7,100.0,,100.0,,100.0,,100.0,,96.5,77.5,74.3,78.7,1145,1145,384,127,199,58,761,406,335,20,0,0,0,0,0,0,0,0,502,502,150,352,6.2,32.3,35.5,44.6,27.6,76.3,31.4,54.3,23.0,9.3,0.0,,0.0,,0.0,,0.0,,3.5,22.5,25.7,21.3,17|041,Illinois
22,0500000US17043,DuPage County,880075,630438,249637,93199,21606,65183,6410,99418,14768,68838,15812,46073,5868,31385,8820,10947,2432,7624,891,654536,509970,144566,48595,95971,71.6,28.4,10.6,2.5,7.4,0.7,11.3,1.7,7.8,1.8,5.2,0.7,3.6,1.0,1.2,0.3,0.9,0.1,77.9,22.1,7.4,14.7,802162,171724,62652,18843,40797,3012,70198,13306,48652,8240,30817,4851,21831,4135,8057,2212,5414,431,613968,103998,35840,68158,91.1,68.8,67.2,87.2,62.6,47.0,70.6,90.1,70.7,52.1,66.9,82.7,69.6,46.9,73.6,91.0,71.0,48.4,93.8,71.9,73.8,71.0,77913,77913,30547,2763,24386,3398,29220,1462,20186,7572,15256,1017,9554,4685,2890,220,2210,460,40568,40568,12755,27813,8.9,31.2,32.8,12.8,37.4,53.0,29.4,9.9,29.3,47.9,33.1,17.3,30.4,53.1,26.4,9.0,29.0,51.6,6.2,28.1,26.2,29.0,17|043,Illinois
23,0500000US17045,Edgar County,16164,15823,341,179,12,143,24,85,8,46,31,77,15,27,35,0,0,0,0,13588,13306,282,147,135,97.9,2.1,1.1,0.1,0.9,0.1,0.5,0.0,0.3,0.2,0.5,0.1,0.2,0.2,0.0,0.0,0.0,0.0,97.9,2.1,1.1,1.0,16071,248,139,0,115,24,59,8,44,7,50,8,7,35,0,0,0,0,13525,219,126,93,99.4,72.7,77.7,0.0,80.4,100.0,69.4,100.0,95.7,22.6,64.9,53.3,25.9,100.0,,,,,99.5,77.7,85.7,68.9,93,93,40,12,28,0,26,0,2,24,27,7,20,0,0,0,0,0,63,63,21,42,0.6,27.3,22.3,100.0,19.6,0.0,30.6,0.0,4.3,77.4,35.1,46.7,74.1,0.0,,,,,0.5,22.3,14.3,31.1,17|045,Illinois
24,0500000US17047,Edwards County,5882,5749,133,83,13,70,0,30,8,9,13,16,3,13,0,4,0,4,0,4805,4706,99,70,29,97.7,2.3,1.4,0.2,1.2,0.0,0.5,0.1,0.2,0.2,0.3,0.1,0.2,0.0,0.1,0.0,0.1,0.0,97.9,2.1,1.5,0.6,5783,34,0,0,0,0,22,8,6,8,8,3,5,0,4,0,4,0,4724,18,0,18,98.3,25.6,0.0,0.0,0.0,,73.3,100.0,66.7,61.5,50.0,100.0,38.5,,100.0,,100.0,,98.3,18.2,0.0,62.1,99,99,83,13,70,0,8,0,3,5,8,0,8,0,0,0,0,0,81,81,70,11,1.7,74.4,100.0,100.0,100.0,,26.7,0.0,33.3,38.5,50.0,0.0,61.5,,0.0,,0.0,,1.7,81.8,100.0,37.9,17|047,Illinois
25,0500000US17049,Effingham County,32326,31292,1034,702,149,529,24,196,13,86,97,131,0,99,32,5,0,5,0,25897,25297,600,388,212,96.8,3.2,2.2,0.5,1.6,0.1,0.6,0.0,0.3,0.3,0.4,0.0,0.3,0.1,0.0,0.0,0.0,0.0,97.7,2.3,1.5,0.8,31913,621,404,137,252,15,137,13,85,39,75,0,74,1,5,0,5,0,25674,377,267,110,98.7,60.1,57.5,91.9,47.6,62.5,69.9,100.0,98.8,40.2,57.3,,74.7,3.1,100.0,,100.0,,99.1,62.8,68.8,51.9,413,413,298,12,277,9,59,0,1,58,56,0,25,31,0,0,0,0,223,223,121,102,1.3,39.9,42.5,8.1,52.4,37.5,30.1,0.0,1.2,59.8,42.7,,25.3,96.9,0.0,,0.0,,0.9,37.2,31.2,48.1,17|049,Illinois
26,0500000US17051,Fayette County,20255,19170,1085,595,132,428,35,316,82,191,43,120,24,72,24,54,13,41,0,16835,16095,740,414,326,94.6,5.4,2.9,0.7,2.1,0.2,1.6,0.4,0.9,0.2,0.6,0.1,0.4,0.1,0.3,0.1,0.2,0.0,95.6,4.4,2.5,1.9,19961,791,446,132,279,35,238,39,171,28,53,12,41,0,54,13,41,0,16660,565,303,262,98.5,72.9,75.0,100.0,65.2,100.0,75.3,47.6,89.5,65.1,44.2,50.0,56.9,0.0,100.0,100.0,100.0,,99.0,76.4,73.2,80.4,294,294,149,0,149,0,78,43,20,15,67,12,31,24,0,0,0,0,175,175,111,64,1.5,27.1,25.0,0.0,34.8,0.0,24.7,52.4,10.5,34.9,55.8,50.0,43.1,100.0,0.0,0.0,0.0,,1.0,23.6,26.8,19.6,17|051,Illinois
27,0500000US17053,Ford County,12814,12271,543,379,123,228,28,92,19,68,5,71,19,52,0,1,0,0,1,10325,10067,258,146,112,95.8,4.2,3.0,1.0,1.8,0.2,0.7,0.1,0.5,0.0,0.6,0.1,0.4,0.0,0.0,0.0,0.0,0.0,97.5,2.5,1.4,1.1,12635,364,238,86,124,28,85,19,61,5,40,13,27,0,1,0,0,1,10293,226,146,80,98.6,67.0,62.8,69.9,54.4,100.0,92.4,100.0,89.7,100.0,56.3,68.4,51.9,,100.0,,,100.0,99.7,87.6,100.0,71.4,179,179,141,37,104,0,7,0,7,0,31,6,25,0,0,0,0,0,32,32,0,32,1.4,33.0,37.2,30.1,45.6,0.0,7.6,0.0,10.3,0.0,43.7,31.6,48.1,,0.0,,,0.0,0.3,12.4,0.0,28.6,17|053,Illinois
28,0500000US17055,Franklin County,35834,35308,526,258,69,166,23,175,17,126,32,89,0,89,0,4,0,4,0,29436,29104,332,165,167,98.5,1.5,0.7,0.2,0.5,0.1,0.5,0.0,0.4,0.1,0.2,0.0,0.2,0.0,0.0,0.0,0.0,0.0,98.9,1.1,0.6,0.6,35676,368,159,58,92,9,153,14,111,28,52,0,52,0,4,0,4,0,29332,228,80,148,99.6,70.0,61.6,84.1,55.4,39.1,87.4,82.4,88.1,87.5,58.4,,58.4,,100.0,,100.0,,99.6,68.7,48.5,88.6,158,158,99,11,74,14,22,3,15,4,37,0,37,0,0,0,0,0,104,104,85,19,0.4,30.0,38.4,15.9,44.6,60.9,12.6,17.6,11.9,12.5,41.6,,41.6,,0.0,,0.0,,0.4,31.3,51.5,11.4,17|055,Illinois
29,0500000US17057,Fulton County,32332,31369,963,693,15,659,19,201,35,134,32,45,0,30,15,24,9,15,0,27136,26349,787,592,195,97.0,3.0,2.1,0.0,2.0,0.1,0.6,0.1,0.4,0.1,0.1,0.0,0.1,0.0,0.1,0.0,0.0,0.0,97.1,2.9,2.2,0.7,32136,767,530,13,506,11,182,28,122,32,41,0,29,12,14,9,5,0,27028,679,487,192,99.4,79.6,76.5,86.7,76.8,57.9,90.5,80.0,91.0,100.0,91.1,,96.7,80.0,58.3,100.0,33.3,,99.6,86.3,82.3,98.5,196,196,163,2,153,8,19,7,12,0,4,0,1,3,10,0,10,0,108,108,105,3,0.6,20.4,23.5,13.3,23.2,42.1,9.5,20.0,9.0,0.0,8.9,,3.3,20.0,41.7,0.0,66.7,,0.4,13.7,17.7,1.5,17|057,Illinois
30,0500000US17059,Gallatin County,4798,4736,62,36,0,20,16,10,5,5,0,5,0,5,0,11,0,11,0,4020,3976,44,36,8,98.7,1.3,0.8,0.0,0.4,0.3,0.2,0.1,0.1,0.0,0.1,0.0,0.1,0.0,0.2,0.0,0.2,0.0,98.9,1.1,0.9,0.2,4788,52,31,0,20,11,10,5,5,0,5,0,5,0,6,0,6,0,4015,39,31,8,99.8,83.9,86.1,,100.0,68.8,100.0,100.0,100.0,,100.0,,100.0,,54.5,,54.5,,99.9,88.6,86.1,100.0,10,10,5,0,0,5,0,0,0,0,0,0,0,0,5,0,5,0,5,5,5,0,0.2,16.1,13.9,,0.0,31.3,0.0,0.0,0.0,,0.0,,0.0,,45.5,,45.5,,0.1,11.4,13.9,0.0,17|059,Illinois
31,0500000US17061,Greene County,11559,11418,141,98,5,92,1,38,2,26,10,4,0,4,0,1,0,1,0,9527,9404,123,91,32,98.8,1.2,0.8,0.0,0.8,0.0,0.3,0.0,0.2,0.1,0.0,0.0,0.0,0.0,0.0,0.0,0.0,0.0,98.7,1.3,1.0,0.3,11556,138,96,5,90,1,37,2,25,10,4,0,4,0,1,0,1,0,9526,122,91,31,100.0,97.9,98.0,100.0,97.8,100.0,97.4,100.0,96.2,100.0,100.0,,100.0,,100.0,,100.0,,100.0,99.2,100.0,96.9,3,3,2,0,2,0,1,0,1,0,0,0,0,0,0,0,0,0,1,1,0,1,0.0,2.1,2.0,0.0,2.2,0.0,2.6,0.0,3.8,0.0,0.0,,0.0,,0.0,,0.0,,0.0,0.8,0.0,3.1,17|061,Illinois
32,0500000US17063,Grundy County,49261,45917,3344,2508,605,1781,122,629,111,420,98,155,2,153,0,52,0,50,2,38211,36146,2065,1584,481,93.2,6.8,5.1,1.2,3.6,0.2,1.3,0.2,0.9,0.2,0.3,0.0,0.3,0.0,0.1,0.0,0.1,0.0,94.6,5.4,4.1,1.3,48443,2526,1860,506,1262,92,535,111,361,63,79,2,77,0,52,0,50,2,37760,1614,1240,374,98.3,75.5,74.2,83.6,70.9,75.4,85.1,100.0,86.0,64.3,51.0,100.0,50.3,,100.0,,100.0,100.0,98.8,78.2,78.3,77.8,818,818,648,99,519,30,94,0,59,35,76,0,76,0,0,0,0,0,451,451,344,107,1.7,24.5,25.8,16.4,29.1,24.6,14.9,0.0,14.0,35.7,49.0,0.0,49.7,,0.0,,0.0,0.0,1.2,21.8,21.7,22.2,17|063,Illinois
33,0500000US17065,Hamilton County,7578,7483,95,63,15,42,6,32,0,11,21,0,0,0,0,0,0,0,0,6257,6188,69,48,21,98.7,1.3,0.8,0.2,0.6,0.1,0.4,0.0,0.1,0.3,0.0,0.0,0.0,0.0,0.0,0.0,0.0,0.0,98.9,1.1,0.8,0.3,7540,57,25,4,21,0,32,0,11,21,0,0,0,0,0,0,0,0,6230,42,21,21,99.5,60.0,39.7,26.7,50.0,0.0,100.0,,100.0,100.0,,,,,,,,,99.6,60.9,43.8,100.0,38,38,38,11,21,6,0,0,0,0,0,0,0,0,0,0,0,0,27,27,27,0,0.5,40.0,60.3,73.3,50.0,100.0,0.0,,0.0,0.0,,,,,,,,,0.4,39.1,56.3,0.0,17|065,Illinois
34,0500000US17067,Hancock County,16833,16474,359,170,0,161,9,110,9,72,29,69,0,63,6,10,0,8,2,13907,13665,242,92,150,97.9,2.1,1.0,0.0,1.0,0.1,0.7,0.1,0.4,0.2,0.4,0.0,0.4,0.0,0.1,0.0,0.0,0.0,98.3,1.7,0.7,1.1,16717,243,158,0,156,2,48,0,44,4,31,0,25,6,6,0,4,2,13820,155,80,75,99.3,67.7,92.9,,96.9,22.2,43.6,0.0,61.1,13.8,44.9,,39.7,100.0,60.0,,50.0,100.0,99.4,64.0,87.0,50.0,116,116,12,0,5,7,62,9,28,25,38,0,38,0,4,0,4,0,87,87,12,75,0.7,32.3,7.1,,3.1,77.8,56.4,100.0,38.9,86.2,55.1,,60.3,0.0,40.0,,50.0,0.0,0.6,36.0,13.0,50.0,17|067,Illinois
35,0500000US17069,Hardin County,3591,3566,25,15,0,15,0,10,0,10,0,0,0,0,0,0,0,0,0,3178,3164,14,4,10,99.3,0.7,0.4,0.0,0.4,0.0,0.3,0.0,0.3,0.0,0.0,0.0,0.0,0.0,0.0,0.0,0.0,0.0,99.6,0.4,0.1,0.3,3580,14,4,0,4,0,10,0,10,0,0,0,0,0,0,0,0,0,3178,14,4,10,99.7,56.0,26.7,,26.7,,100.0,,100.0,,,,,,,,,,100.0,100.0,100.0,100.0,11,11,11,0,11,0,0,0,0,0,0,0,0,0,0,0,0,0,0,0,0,0,0.3,44.0,73.3,,73.3,,0.0,,0.0,,,,,,,,,,0.0,0.0,0.0,0.0,17|069,Illinois
36,0500000US17071,Henderson County,6177,6078,99,78,3,58,17,5,2,2,1,14,0,14,0,2,0,2,0,5281,5195,86,73,13,98.4,1.6,1.3,0.0,0.9,0.3,0.1,0.0,0.0,0.0,0.2,0.0,0.2,0.0,0.0,0.0,0.0,0.0,98.4,1.6,1.4,0.2,6167,89,75,3,55,17,4,2,2,0,8,0,8,0,2,0,2,0,5279,84,72,12,99.8,89.9,96.2,100.0,94.8,100.0,80.0,100.0,100.0,0.0,57.1,,57.1,,100.0,,100.0,,100.0,97.7,98.6,92.3,10,10,3,0,3,0,1,0,0,1,6,0,6,0,0,0,0,0,2,2,1,1,0.2,10.1,3.8,0.0,5.2,0.0,20.0,0.0,0.0,100.0,42.9,,42.9,,0.0,,0.0,,0.0,2.3,1.4,7.7,17|071,Illinois
37,0500000US17073,Henry County,46783,45095,1688,1446,340,925,181,125,18,74,33,90,20,60,10,27,0,23,4,37977,36952,1025,837,188,96.4,3.6,3.1,0.7,2.0,0.4,0.3,0.0,0.2,0.1,0.2,0.0,0.1,0.0,0.1,0.0,0.0,0.0,97.3,2.7,2.2,0.5,46051,956,797,226,525,46,83,8,42,33,49,18,31,0,27,0,23,4,37544,592,470,122,98.4,56.6,55.1,66.5,56.8,25.4,66.4,44.4,56.8,100.0,54.4,90.0,51.7,0.0,100.0,,100.0,100.0,98.9,57.8,56.2,64.9,732,732,649,114,400,135,42,10,32,0,41,2,29,10,0,0,0,0,433,433,367,66,1.6,43.4,44.9,33.5,43.2,74.6,33.6,55.6,43.2,0.0,45.6,10.0,48.3,100.0,0.0,,0.0,0.0,1.1,42.2,43.8,35.1,17|073,Illinois
38,0500000US17075,Iroquois County,25850,24263,1587,1351,273,992,86,170,4,103,63,54,4,49,1,12,0,12,0,20798,19987,811,637,174,93.9,6.1,5.2,1.1,3.8,0.3,0.7,0.0,0.4,0.2,0.2,0.0,0.2,0.0,0.0,0.0,0.0,0.0,96.1,3.9,3.1,0.8,25185,922,766,264,470,32,102,4,67,31,54,4,49,1,0,0,0,0,20535,548,444,104,97.4,58.1,56.7,96.7,47.4,37.2,60.0,100.0,65.0,49.2,100.0,100.0,100.0,100.0,0.0,,0.0,,98.7,67.6,69.7,59.8,665,665,585,9,522,54,68,0,36,32,0,0,0,0,12,0,12,0,263,263,193,70,2.6,41.9,43.3,3.3,52.6,62.8,40.0,0.0,35.0,50.8,0.0,0.0,0.0,0.0,100.0,,100.0,,1.3,32.4,30.3,40.2,17|075,Illinois
39,0500000US17077,Jackson County,50816,46057,4759,2253,509,1561,183,1262,154,989,119,923,76,772,75,321,14,300,7,41783,39400,2383,1246,1137,90.6,9.4,4.4,1.0,3.1,0.4,2.5,0.3,1.9,0.2,1.8,0.1,1.5,0.1,0.6,0.0,0.6,0.0,94.3,5.7,3.0,2.7,49288,3231,1545,436,993,116,891,117,690,84,593,49,496,48,202,14,186,2,41363,1963,1017,946,97.0,67.9,68.6,85.7,63.6,63.4,70.6,76.0,69.8,70.6,64.2,64.5,64.2,64.0,62.9,100.0,62.0,28.6,99.0,82.4,81.6,83.2,1528,1528,708,73,568,67,371,37,299,35,330,27,276,27,119,0,114,5,420,420,229,191,3.0,32.1,31.4,14.3,36.4,36.6,29.4,24.0,30.2,29.4,35.8,35.5,35.8,36.0,37.1,0.0,38.0,71.4,1.0,17.6,18.4,16.8,17|077,Illinois
40,0500000US17079,Jasper County,8749,8562,187,150,39,102,9,15,2,10,3,22,0,22,0,0,0,0,0,7078,7016,62,31,31,97.9,2.1,1.7,0.4,1.2,0.1,0.2,0.0,0.1,0.0,0.3,0.0,0.3,0.0,0.0,0.0,0.0,0.0,99.1,0.9,0.4,0.4,8659,97,86,39,38,9,11,2,8,1,0,0,0,0,0,0,0,0,7056,40,31,9,99.0,51.9,57.3,100.0,37.3,100.0,73.3,100.0,80.0,33.3,0.0,,0.0,,,,,,99.7,64.5,100.0,29.0,90,90,64,0,64,0,4,0,2,2,22,0,22,0,0,0,0,0,22,22,0,22,1.0,48.1,42.7,0.0,62.7,0.0,26.7,0.0,20.0,66.7,100.0,,100.0,,,,,,0.3,35.5,0.0,71.0,17|079,Illinois
41,0500000US17081,Jefferson County,35092,33947,1145,421,23,326,72,430,108,280,42,233,6,204,23,61,14,47,0,28727,27967,760,336,424,96.7,3.3,1.2,0.1,0.9,0.2,1.2,0.3,0.8,0.1,0.7,0.0,0.6,0.1,0.2,0.0,0.1,0.0,97.4,2.6,1.2,1.5,34662,715,249,22,212,15,254,62,161,31,171,5,162,4,41,0,41,0,28430,463,179,284,98.8,62.4,59.1,95.7,65.0,20.8,59.1,57.4,57.5,73.8,73.4,83.3,79.4,17.4,67.2,0.0,87.2,,99.0,60.9,53.3,67.0,430,430,172,1,114,57,176,46,119,11,62,1,42,19,20,14,6,0,297,297,157,140,1.2,37.6,40.9,4.3,35.0,79.2,40.9,42.6,42.5,26.2,26.6,16.7,20.6,82.6,32.8,100.0,12.8,,1.0,39.1,46.7,33.0,17|081,Illinois
42,0500000US17083,Jersey County,20540,20175,365,202,45,130,27,75,0,67,8,50,0,28,22,38,0,38,0,16962,16764,198,104,94,98.2,1.8,1.0,0.2,0.6,0.1,0.4,0.0,0.3,0.0,0.2,0.0,0.1,0.1,0.2,0.0,0.2,0.0,98.8,1.2,0.6,0.6,20430,255,132,22,93,17,54,0,46,8,31,0,25,6,38,0,38,0,16906,142,64,78,99.5,69.9,65.3,48.9,71.5,63.0,72.0,,68.7,100.0,62.0,,89.3,27.3,100.0,,100.0,,99.7,71.7,61.5,83.0,110,110,70,23,37,10,21,0,21,0,19,0,3,16,0,0,0,0,56,56,40,16,0.5,30.1,34.7,51.1,28.5,37.0,28.0,,31.3,0.0,38.0,,10.7,72.7,0.0,,0.0,,0.3,28.3,38.5,17.0,17|083,Illinois
43,0500000US17085,Jo Daviess County,21060,20367,693,482,177,243,62,122,18,53,51,64,2,50,12,25,4,6,15,17570,17288,282,124,158,96.7,3.3,2.3,0.8,1.2,0.3,0.6,0.1,0.3,0.2,0.3,0.0,0.2,0.1,0.1,0.0,0.0,0.1,98.4,1.6,0.7,0.9,20787,420,288,173,89,26,106,18,37,51,10,2,8,0,16,4,0,12,17472,184,80,104,98.7,60.6,59.8,97.7,36.6,41.9,86.9,100.0,69.8,100.0,15.6,100.0,16.0,0.0,64.0,100.0,0.0,80.0,99.4,65.2,64.5,65.8,273,273,194,4,154,36,16,0,16,0,54,0,42,12,9,0,6,3,98,98,44,54,1.3,39.4,40.2,2.3,63.4,58.1,13.1,0.0,30.2,0.0,84.4,0.0,84.0,100.0,36.0,0.0,100.0,20.0,0.6,34.8,35.5,34.2,17|085,Illinois
44,0500000US17087,Johnson County,12640,12265,375,214,6,198,10,121,33,88,0,40,11,28,1,0,0,0,0,10595,10365,230,124,106,97.0,3.0,1.7,0.0,1.6,0.1,1.0,0.3,0.7,0.0,0.3,0.1,0.2,0.0,0.0,0.0,0.0,0.0,97.8,2.2,1.2,1.0,12501,236,115,6,102,7,84,9,75,0,37,11,25,1,0,0,0,0,10499,134,36,98,98.9,62.9,53.7,100.0,51.5,70.0,69.4,27.3,85.2,,92.5,100.0,89.3,100.0,,,,,99.1,58.3,29.0,92.5,139,139,99,0,96,3,37,24,13,0,3,0,3,0,0,0,0,0,96,96,88,8,1.1,37.1,46.3,0.0,48.5,30.0,30.6,72.7,14.8,,7.5,0.0,10.7,0.0,,,,,0.9,41.7,71.0,7.5,17|087,Illinois
45,0500000US17089,Kane County,486709,334568,152141,125228,31096,86830,7302,15270,1676,11354,2240,9270,1275,6748,1247,2373,216,1942,215,343091,266645,76446,58396,18050,68.7,31.3,25.7,6.4,17.8,1.5,3.1,0.3,2.3,0.5,1.9,0.3,1.4,0.3,0.5,0.0,0.4,0.0,77.7,22.3,17.0,5.3,431053,96485,77148,26407,48632,2109,11265,1496,8385,1384,6191,1041,4498,652,1881,206,1605,70,322239,55594,41961,13633,88.6,63.4,61.6,84.9,56.0,28.9,73.8,89.3,73.9,61.8,66.8,81.6,66.7,52.3,79.3,95.4,82.6,32.6,93.9,72.7,71.9,75.5,55656,55656,48080,4689,38198,5193,4005,180,2969,856,3079,234,2250,595,492,10,337,145,20852,20852,16435,4417,11.4,36.6,38.4,15.1,44.0,71.1,26.2,10.7,26.1,38.2,33.2,18.4,33.3,47.7,20.7,4.6,17.4,67.4,6.1,27.3,28.1,24.5,17|089,Illinois
46,0500000US17091,Kankakee County,101775,91938,9837,8151,1763,5923,465,1005,128,650,227,417,11,286,120,264,0,237,27,80799,75090,5709,4323,1386,90.3,9.7,8.0,1.7,5.8,0.5,1.0,0.1,0.6,0.2,0.4,0.0,0.3,0.1,0.3,0.0,0.2,0.0,92.9,7.1,5.4,1.7,99302,7364,5947,1565,4287,95,798,128,516,154,356,11,256,89,263,0,237,26,79983,4893,3757,1136,97.6,74.9,73.0,88.8,72.4,20.4,79.4,100.0,79.4,67.8,85.4,100.0,89.5,74.2,99.6,,100.0,96.3,99.0,85.7,86.9,82.0,2473,2473,2204,198,1636,370,207,0,134,73,61,0,30,31,1,0,0,1,816,816,566,250,2.4,25.1,27.0,11.2,27.6,79.6,20.6,0.0,20.6,32.2,14.6,0.0,10.5,25.8,0.4,,0.0,3.7,1.0,14.3,13.1,18.0,17|091,Illinois
47,0500000US17093,Kendall County,122468,100369,22099,15872,3832,11202,838,4109,504,2620,985,1605,30,1337,238,513,129,384,0,88143,75785,12358,8365,3993,82.0,18.0,13.0,3.1,9.1,0.7,3.4,0.4,2.1,0.8,1.3,0.0,1.1,0.2,0.4,0.1,0.3,0.0,86.0,14.0,9.5,4.5,116025,15656,11848,3239,8387,222,2873,483,1949,441,688,30,638,20,247,0,247,0,84830,9045,6430,2615,94.7,70.8,74.6,84.5,74.9,26.5,69.9,95.8,74.4,44.8,42.9,100.0,47.7,8.4,48.1,0.0,64.3,,96.2,73.2,76.9,65.5,6443,6443,4024,593,2815,616,1236,21,671,544,917,0,699,218,266,129,137,0,3313,3313,1935,1378,5.3,29.2,25.4,15.5,25.1,73.5,30.1,4.2,25.6,55.2,57.1,0.0,52.3,91.6,51.9,100.0,35.7,,3.8,26.8,23.1,34.5,17|093,Illinois
48,0500000US17095,Knox County,47379,44521,2858,1588,357,1071,160,646,83,479,84,338,16,272,50,286,75,205,6,38999,37727,1272,817,455,94.0,6.0,3.4,0.8,2.3,0.3,1.4,0.2,1.0,0.2,0.7,0.0,0.6,0.1,0.6,0.2,0.4,0.0,96.7,3.3,2.1,1.2,46344,1823,1115,298,732,85,441,83,279,79,178,16,162,0,89,0,83,6,38748,1021,711,310,97.8,63.8,70.2,83.5,68.3,53.1,68.3,100.0,58.2,94.0,52.7,100.0,59.6,0.0,31.1,0.0,40.5,100.0,99.4,80.3,87.0,68.1,1035,1035,473,59,339,75,205,0,200,5,160,0,110,50,197,75,122,0,251,251,106,145,2.2,36.2,29.8,16.5,31.7,46.9,31.7,0.0,41.8,6.0,47.3,0.0,40.4,100.0,68.9,100.0,59.5,0.0,0.6,19.7,13.0,31.9,17|095,Illinois
49,0500000US17097,Lake County,674567,477010,197557,117740,29689,81055,6996,44239,6186,31349,6704,31107,4068,22562,4477,4471,991,2887,593,483611,379964,103647,55356,48291,70.7,29.3,17.5,4.4,12.0,1.0,6.6,0.9,4.6,1.0,4.6,0.6,3.3,0.7,0.7,0.1,0.4,0.1,78.6,21.4,11.4,10.0,609566,132556,74348,25296,47070,1982,33303,5522,24371,3410,21096,3447,15715,1934,3809,936,2486,387,454586,74622,39111,35511,90.4,67.1,63.1,85.2,58.1,28.3,75.3,89.3,77.7,50.9,67.8,84.7,69.7,43.2,85.2,94.5,86.1,65.3,94.0,72.0,70.7,73.5,65001,65001,43392,4393,33985,5014,10936,664,6978,3294,10011,621,6847,2543,662,55,401,206,29025,29025,16245,12780,9.6,32.9,36.9,14.8,41.9,71.7,24.7,10.7,22.3,49.1,32.2,15.3,30.3,56.8,14.8,5.5,13.9,34.7,6.0,28.0,29.3,26.5,17|097,Illinois
50,0500000US17099,LaSalle County,103969,96055,7914,5918,1300,4227,391,1156,180,684,292,757,167,504,86,83,1,59,23,84424,79874,4550,3354,1196,92.4,7.6,5.7,1.3,4.1,0.4,1.1,0.2,0.7,0.3,0.7,0.2,0.5,0.1,0.1,0.0,0.1,0.0,94.6,5.4,4.0,1.4,101018,4963,3626,1158,2341,127,906,180,498,228,364,152,154,58,67,1,56,10,82898,3024,2232,792,97.2,62.7,61.3,89.1,55.4,32.5,78.4,100.0,72.8,78.1,48.1,91.0,30.6,67.4,80.7,100.0,94.9,43.5,98.2,66.5,66.5,66.2,2951,2951,2292,142,1886,264,250,0,186,64,393,15,350,28,16,0,3,13,1526,1526,1122,404,2.8,37.3,38.7,10.9,44.6,67.5,21.6,0.0,27.2,21.9,51.9,9.0,69.4,32.6,19.3,0.0,5.1,56.5,1.8,33.5,33.5,33.8,17|099,Illinois
51,0500000US17101,Lawrence County,14714,14106,608,495,6,472,17,61,13,34,14,34,0,34,0,18,0,18,0,12320,11921,399,331,68,95.9,4.1,3.4,0.0,3.2,0.1,0.4,0.1,0.2,0.1,0.2,0.0,0.2,0.0,0.1,0.0,0.1,0.0,96.8,3.2,2.7,0.6,14345,239,192,3,188,1,39,2,30,7,0,0,0,0,8,0,8,0,12088,167,122,45,97.5,39.3,38.8,50.0,39.8,5.9,63.9,15.4,88.2,50.0,0.0,,0.0,,44.4,,44.4,,98.1,41.9,36.9,66.2,369,369,303,3,284,16,22,11,4,7,34,0,34,0,10,0,10,0,232,232,209,23,2.5,60.7,61.2,50.0,60.2,94.1,36.1,84.6,11.8,50.0,100.0,,100.0,,55.6,,55.6,,1.9,58.1,63.1,33.8,17|101,Illinois
52,0500000US17103,Lee County,32668,31235,1433,1009,81,829,99,246,66,151,29,144,26,100,18,34,9,21,4,27052,26122,930,688,242,95.6,4.4,3.1,0.2,2.5,0.3,0.8,0.2,0.5,0.1,0.4,0.1,0.3,0.1,0.1,0.0,0.1,0.0,96.6,3.4,2.5,0.9,32291,1056,780,79,658,43,174,7,146,21,77,26,51,0,25,9,16,0,26916,794,605,189,98.8,73.7,77.3,97.5,79.4,43.4,70.7,10.6,96.7,72.4,53.5,100.0,51.0,0.0,73.5,100.0,76.2,0.0,99.5,85.4,87.9,78.1,377,377,229,2,171,56,72,59,5,8,67,0,49,18,9,0,5,4,136,136,83,53,1.2,26.3,22.7,2.5,20.6,56.6,29.3,89.4,3.3,27.6,46.5,0.0,49.0,100.0,26.5,0.0,23.8,100.0,0.5,14.6,12.1,21.9,17|103,Illinois
53,0500000US17105,Livingston County,33910,32698,1212,837,111,661,65,295,17,215,63,30,0,1,29,50,0,50,0,27716,26856,860,592,268,96.4,3.6,2.5,0.3,1.9,0.2,0.9,0.1,0.6,0.2,0.1,0.0,0.0,0.1,0.1,0.0,0.1,0.0,96.9,3.1,2.1,1.0,33689,991,656,103,498,55,284,17,204,63,1,0,1,0,50,0,50,0,27654,798,532,266,99.3,81.8,78.4,92.8,75.3,84.6,96.3,100.0,94.9,100.0,3.3,,100.0,0.0,100.0,,100.0,,99.8,92.8,89.9,99.3,221,221,181,8,163,10,11,0,11,0,29,0,0,29,0,0,0,0,62,62,60,2,0.7,18.2,21.6,7.2,24.7,15.4,3.7,0.0,5.1,0.0,96.7,,0.0,100.0,0.0,,0.0,,0.2,7.2,10.1,0.7,17|105,Illinois
54,0500000US17107,Logan County,26757,25770,987,701,62,622,17,202,0,139,63,77,8,59,10,7,0,7,0,22582,21853,729,540,189,96.3,3.7,2.6,0.2,2.3,0.1,0.8,0.0,0.5,0.2,0.3,0.0,0.2,0.0,0.0,0.0,0.0,0.0,96.8,3.2,2.4,0.8,26563,793,553,56,480,17,188,0,125,63,45,8,27,10,7,0,7,0,22473,620,445,175,99.3,80.3,78.9,90.3,77.2,100.0,93.1,,89.9,100.0,58.4,100.0,45.8,100.0,100.0,,100.0,,99.5,85.0,82.4,92.6,194,194,148,6,142,0,14,0,14,0,32,0,32,0,0,0,0,0,109,109,95,14,0.7,19.7,21.1,9.7,22.8,0.0,6.9,,10.1,0.0,41.6,0.0,54.2,0.0,0.0,,0.0,,0.5,15.0,17.6,7.4,17|107,Illinois
55,0500000US17109,McDonough County,26468,25335,1133,418,83,327,8,421,94,306,21,255,29,217,9,39,0,39,0,22642,21942,700,295,405,95.7,4.3,1.6,0.3,1.2,0.0,1.6,0.4,1.2,0.1,1.0,0.1,0.8,0.0,0.1,0.0,0.1,0.0,96.9,3.1,1.3,1.8,26217,882,314,40,274,0,332,94,221,17,197,29,159,9,39,0,39,0,22486,544,260,284,99.1,77.8,75.1,48.2,83.8,0.0,78.9,100.0,72.2,81.0,77.3,100.0,73.3,100.0,100.0,,100.0,,99.3,77.7,88.1,70.1,251,251,104,43,53,8,89,0,85,4,58,0,58,0,0,0,0,0,156,156,35,121,0.9,22.2,24.9,51.8,16.2,100.0,21.1,0.0,27.8,19.0,22.7,0.0,26.7,0.0,0.0,,0.0,,0.7,22.3,11.9,29.9,17|109,Illinois
56,0500000US17111,McHenry County,294012,253425,40587,25440,6015,18110,1315,10139,1484,6626,2029,4419,619,3175,625,589,25,499,65,225434,203535,21899,11885,10014,86.2,13.8,8.7,2.0,6.2,0.4,3.4,0.5,2.3,0.7,1.5,0.2,1.1,0.2,0.2,0.0,0.2,0.0,90.3,9.7,5.3,4.4,280874,27449,16668,5305,10766,597,7350,1371,4786,1193,2969,418,2197,354,462,25,406,31,219740,16205,8889,7316,95.5,67.6,65.5,88.2,59.4,45.4,72.5,92.4,72.2,58.8,67.2,67.5,69.2,56.6,78.4,100.0,81.4,47.7,97.5,74.0,74.8,73.1,13138,13138,8772,710,7344,718,2789,113,1840,836,1450,201,978,271,127,0,93,34,5694,5694,2996,2698,4.5,32.4,34.5,11.8,40.6,54.6,27.5,7.6,27.8,41.2,32.8,32.5,30.8,43.4,21.6,0.0,18.6,52.3,2.5,26.0,25.2,26.9,17|111,Illinois
57,0500000US17113,McLean County,161660,148119,13541,5093,1153,3607,333,3637,575,2783,279,4293,649,3455,189,518,33,436,49,128348,122216,6132,2638,3494,91.6,8.4,3.2,0.7,2.2,0.2,2.2,0.4,1.7,0.2,2.7,0.4,2.1,0.1,0.3,0.0,0.3,0.0,95.2,4.8,2.1,2.7,157586,9467,3455,1008,2226,221,2927,519,2291,117,2754,494,2198,62,331,33,278,20,126650,4434,1948,2486,97.5,69.9,67.8,87.4,61.7,66.4,80.5,90.3,82.3,41.9,64.2,76.1,63.6,32.8,63.9,100.0,63.8,40.8,98.7,72.3,73.8,71.2,4074,4074,1638,145,1381,112,710,56,492,162,1539,155,1257,127,187,0,158,29,1698,1698,690,1008,2.5,30.1,32.2,12.6,38.3,33.6,19.5,9.7,17.7,58.1,35.8,23.9,36.4,67.2,36.1,0.0,36.2,59.2,1.3,27.7,26.2,28.8,17|113,Illinois
58,0500000US17115,Macon County,97927,94112,3815,1739,394,1212,133,867,119,604,144,849,190,539,120,360,104,256,0,79704,77641,2063,978,1085,96.1,3.9,1.8,0.4,1.2,0.1,0.9,0.1,0.6,0.1,0.9,0.2,0.6,0.1,0.4,0.1,0.3,0.0,97.4,2.6,1.2,1.4,97080,2968,1413,394,910,109,744,119,528,97,475,49,349,77,336,86,250,0,79400,1759,854,905,99.1,77.8,81.3,100.0,75.1,82.0,85.8,100.0,87.4,67.4,55.9,25.8,64.7,64.2,93.3,82.7,97.7,,99.6,85.3,87.3,83.4,847,847,326,0,302,24,123,0,76,47,374,141,190,43,24,18,6,0,304,304,124,180,0.9,22.2,18.7,0.0,24.9,18.0,14.2,0.0,12.6,32.6,44.1,74.2,35.3,35.8,6.7,17.3,2.3,,0.4,14.7,12.7,16.6,17|115,Illinois
59,0500000US17117,Macoupin County,42814,42188,626,324,24,281,19,152,13,88,51,127,22,90,15,23,0,15,8,35405,34979,426,262,164,98.5,1.5,0.8,0.1,0.7,0.0,0.4,0.0,0.2,0.1,0.3,0.1,0.2,0.0,0.1,0.0,0.0,0.0,98.8,1.2,0.7,0.5,42668,480,238,17,207,14,143,13,84,46,76,22,41,13,23,0,15,8,35308,329,192,137,99.7,76.7,73.5,70.8,73.7,73.7,94.1,100.0,95.5,90.2,59.8,100.0,45.6,86.7,100.0,,100.0,100.0,99.7,77.2,73.3,83.5,146,146,86,7,74,5,9,0,4,5,51,0,49,2,0,0,0,0,97,97,70,27,0.3,23.3,26.5,29.2,26.3,26.3,5.9,0.0,4.5,9.8,40.2,0.0,54.4,13.3,0.0,,0.0,0.0,0.3,22.8,26.7,16.5,17|117,Illinois
60,0500000US17119,Madison County,251234,241309,9925,5707,1354,3949,404,2108,242,1496,370,1442,186,1051,205,668,162,441,65,205615,199334,6281,3355,2926,96.0,4.0,2.3,0.5,1.6,0.2,0.8,0.1,0.6,0.1,0.6,0.1,0.4,0.1,0.3,0.1,0.2,0.0,96.9,3.1,1.6,1.4,248548,7239,4214,1119,2859,236,1710,185,1288,237,849,163,624,62,466,60,374,32,204486,5152,2775,2377,98.9,72.9,73.8,82.6,72.4,58.4,81.1,76.4,86.1,64.1,58.9,87.6,59.4,30.2,69.8,37.0,84.8,49.2,99.5,82.0,82.7,81.2,2686,2686,1493,235,1090,168,398,57,208,133,593,23,427,143,202,102,67,33,1129,1129,580,549,1.1,27.1,26.2,17.4,27.6,41.6,18.9,23.6,13.9,35.9,41.1,12.4,40.6,69.8,30.2,63.0,15.2,50.8,0.5,18.0,17.3,18.8,17|119,Illinois
61,0500000US17121,Marion County,35384,34810,574,293,47,224,22,125,0,116,9,138,0,138,0,18,2,16,0,28729,28337,392,183,209,98.4,1.6,0.8,0.1,0.6,0.1,0.4,0.0,0.3,0.0,0.4,0.0,0.4,0.0,0.1,0.0,0.0,0.0,98.6,1.4,0.6,0.7,35149,339,177,33,136,8,77,0,68,9,69,0,69,0,16,0,16,0,28619,282,144,138,99.3,59.1,60.4,70.2,60.7,36.4,61.6,,58.6,100.0,50.0,,50.0,,88.9,0.0,100.0,,99.6,71.9,78.7,66.0,235,235,116,14,88,14,48,0,48,0,69,0,69,0,2,2,0,0,110,110,39,71,0.7,40.9,39.6,29.8,39.3,63.6,38.4,,41.4,0.0,50.0,,50.0,,11.1,100.0,0.0,,0.4,28.1,21.3,34.0,17|121,Illinois
62,0500000US17123,Marshall County,11135,10867,268,183,47,132,4,68,2,49,17,13,0,3,10,4,0,4,0,9269,9114,155,94,61,97.6,2.4,1.6,0.4,1.2,0.0,0.6,0.0,0.4,0.2,0.1,0.0,0.0,0.1,0.0,0.0,0.0,0.0,98.3,1.7,1.0,0.7,11045,178,105,40,61,4,56,2,46,8,13,0,3,10,4,0,4,0,9228,114,65,49,99.2,66.4,57.4,85.1,46.2,100.0,82.4,100.0,93.9,47.1,100.0,,100.0,100.0,100.0,,100.0,,99.6,73.5,69.1,80.3,90,90,78,7,71,0,12,0,3,9,0,0,0,0,0,0,0,0,41,41,29,12,0.8,33.6,42.6,14.9,53.8,0.0,17.6,0.0,6.1,52.9,0.0,,0.0,0.0,0.0,,0.0,,0.4,26.5,30.9,19.7,17|123,Illinois
63,0500000US17125,Mason County,12545,12306,239,153,24,118,11,55,3,28,24,31,1,30,0,0,0,0,0,10449,10252,197,127,70,98.1,1.9,1.2,0.2,0.9,0.1,0.4,0.0,0.2,0.2,0.2,0.0,0.2,0.0,0.0,0.0,0.0,0.0,98.1,1.9,1.2,0.7,12497,191,118,23,90,5,55,3,28,24,18,0,18,0,0,0,0,0,10417,165,95,70,99.6,79.9,77.1,95.8,76.3,45.5,100.0,100.0,100.0,100.0,58.1,0.0,60.0,,,,,,99.7,83.8,74.8,100.0,48,48,35,1,28,6,0,0,0,0,13,1,12,0,0,0,0,0,32,32,32,0,0.4,20.1,22.9,4.2,23.7,54.5,0.0,0.0,0.0,0.0,41.9,100.0,40.0,,,,,,0.3,16.2,25.2,0.0,17|125,Illinois
64,0500000US17127,Massac County,13548,13267,281,241,71,155,15,8,0,8,0,32,9,14,9,0,0,0,0,11007,10930,77,54,23,97.9,2.1,1.8,0.5,1.1,0.1,0.1,0.0,0.1,0.0,0.2,0.1,0.1,0.1,0.0,0.0,0.0,0.0,99.3,0.7,0.5,0.2,13454,187,157,22,124,11,8,0,8,0,22,9,7,6,0,0,0,0,10993,63,50,13,99.3,66.5,65.1,31.0,80.0,73.3,100.0,,100.0,,68.8,100.0,50.0,66.7,,,,,99.9,81.8,92.6,56.5,94,94,84,49,31,4,0,0,0,0,10,0,7,3,0,0,0,0,14,14,4,10,0.7,33.5,34.9,69.0,20.0,26.7,0.0,,0.0,,31.3,0.0,50.0,33.3,,,,,0.1,18.2,7.4,43.5,17|127,Illinois
65,0500000US17129,Menard County,11641,11490,151,54,0,24,30,40,0,28,12,51,31,20,0,6,0,6,0,9461,9368,93,54,39,98.7,1.3,0.5,0.0,0.2,0.3,0.3,0.0,0.2,0.1,0.4,0.3,0.2,0.0,0.1,0.0,0.1,0.0,99.0,1.0,0.6,0.4,11605,115,54,0,24,30,35,0,23,12,20,0,20,0,6,0,6,0,9461,93,54,39,99.7,76.2,100.0,,100.0,100.0,87.5,,82.1,100.0,39.2,0.0,100.0,,100.0,,100.0,,100.0,100.0,100.0,100.0,36,36,0,0,0,0,5,0,5,0,31,31,0,0,0,0,0,0,0,0,0,0,0.3,23.8,0.0,,0.0,0.0,12.5,,17.9,0.0,60.8,100.0,0.0,,0.0,,0.0,,0.0,0.0,0.0,0.0,17|129,Illinois
66,0500000US17131,Mercer County,14962,14583,379,242,38,187,17,37,23,10,4,44,0,44,0,56,5,50,1,12335,12085,250,159,91,97.5,2.5,1.6,0.3,1.2,0.1,0.2,0.2,0.1,0.0,0.3,0.0,0.3,0.0,0.4,0.0,0.3,0.0,98.0,2.0,1.3,0.7,14837,254,174,33,130,11,35,23,8,4,13,0,13,0,32,5,26,1,12251,166,116,50,99.2,67.0,71.9,86.8,69.5,64.7,94.6,100.0,80.0,100.0,29.5,,29.5,,57.1,100.0,52.0,100.0,99.3,66.4,73.0,54.9,125,125,68,5,57,6,2,0,2,0,31,0,31,0,24,0,24,0,84,84,43,41,0.8,33.0,28.1,13.2,30.5,35.3,5.4,0.0,20.0,0.0,70.5,,70.5,,42.9,0.0,48.0,0.0,0.7,33.6,27.0,45.1,17|131,Illinois
67,0500000US17133,Monroe County,32783,32063,720,268,47,192,29,220,28,122,70,202,21,181,0,30,0,30,0,26857,26337,520,205,315,97.8,2.2,0.8,0.1,0.6,0.1,0.7,0.1,0.4,0.2,0.6,0.1,0.6,0.0,0.1,0.0,0.1,0.0,98.1,1.9,0.8,1.2,32570,507,144,7,137,0,220,28,122,70,113,21,92,0,30,0,30,0,26713,376,121,255,99.4,70.4,53.7,14.9,71.4,0.0,100.0,100.0,100.0,100.0,55.9,100.0,50.8,,100.0,,100.0,,99.5,72.3,59.0,81.0,213,213,124,40,55,29,0,0,0,0,89,0,89,0,0,0,0,0,144,144,84,60,0.6,29.6,46.3,85.1,28.6,100.0,0.0,0.0,0.0,0.0,44.1,0.0,49.2,,0.0,,0.0,,0.5,27.7,41.0,19.0,17|133,Illinois
68,0500000US17135,Montgomery County,27002,26254,748,392,18,269,105,269,15,207,47,41,0,41,0,46,0,43,3,22552,21940,612,327,285,97.2,2.8,1.5,0.1,1.0,0.4,1.0,0.1,0.8,0.2,0.2,0.0,0.2,0.0,0.2,0.0,0.2,0.0,97.3,2.7,1.4,1.3,26859,605,349,18,226,105,213,15,167,31,8,0,8,0,35,0,35,0,22465,525,297,228,99.5,80.9,89.0,100.0,84.0,100.0,79.2,100.0,80.7,66.0,19.5,,19.5,,76.1,,81.4,0.0,99.6,85.8,90.8,80.0,143,143,43,0,43,0,56,0,40,16,33,0,33,0,11,0,8,3,87,87,30,57,0.5,19.1,11.0,0.0,16.0,0.0,20.8,0.0,19.3,34.0,80.5,,80.5,,23.9,,18.6,100.0,0.4,14.2,9.2,20.0,17|135,Illinois
69,0500000US17137,Morgan County,31447,30523,924,626,70,518,38,155,0,81,74,103,9,82,12,40,4,36,0,26638,25919,719,476,243,97.1,2.9,2.0,0.2,1.6,0.1,0.5,0.0,0.3,0.2,0.3,0.0,0.3,0.0,0.1,0.0,0.1,0.0,97.3,2.7,1.8,0.9,31304,781,528,59,431,38,146,0,75,71,72,9,63,0,35,4,31,0,26575,656,437,219,99.5,84.5,84.3,84.3,83.2,100.0,94.2,,92.6,95.9,69.9,100.0,76.8,0.0,87.5,100.0,86.1,,99.8,91.2,91.8,90.1,143,143,98,11,87,0,9,0,6,3,31,0,19,12,5,0,5,0,63,63,39,24,0.5,15.5,15.7,15.7,16.8,0.0,5.8,,7.4,4.1,30.1,0.0,23.2,100.0,12.5,0.0,13.9,,0.2,8.8,8.2,9.9,17|137,Illinois
70,0500000US17139,Moultrie County,13727,12106,1621,114,14,85,15,1497,440,895,162,10,0,6,4,0,0,0,0,10826,9703,1123,70,1053,88.2,11.8,0.8,0.1,0.6,0.1,10.9,3.2,6.5,1.2,0.1,0.0,0.0,0.0,0.0,0.0,0.0,0.0,89.6,10.4,0.6,9.7,13251,1145,79,14,54,11,1056,214,721,121,10,0,6,4,0,0,0,0,10606,903,65,838,96.5,70.6,69.3,100.0,63.5,73.3,70.5,48.6,80.6,74.7,100.0,,100.0,100.0,,,,,98.0,80.4,92.9,79.6,476,476,35,0,31,4,441,226,174,41,0,0,0,0,0,0,0,0,220,220,5,215,3.5,29.4,30.7,0.0,36.5,26.7,29.5,51.4,19.4,25.3,0.0,,0.0,0.0,,,,,2.0,19.6,7.1,20.4,17|139,Illinois
71,0500000US17141,Ogle County,48986,45483,3503,2956,531,2081,344,431,90,205,136,86,10,73,3,30,0,30,0,39075,37165,1910,1545,365,92.8,7.2,6.0,1.1,4.2,0.7,0.9,0.2,0.4,0.3,0.2,0.0,0.1,0.0,0.1,0.0,0.1,0.0,95.1,4.9,4.0,0.9,47553,2070,1723,430,1179,114,288,19,140,129,46,6,39,1,13,0,13,0,38579,1414,1103,311,97.1,59.1,58.3,81.0,56.7,33.1,66.8,21.1,68.3,94.9,53.5,60.0,53.4,33.3,43.3,,43.3,,98.7,74.0,71.4,85.2,1433,1433,1233,101,902,230,143,71,65,7,40,4,34,2,17,0,17,0,496,496,442,54,2.9,40.9,41.7,19.0,43.3,66.9,33.2,78.9,31.7,5.1,46.5,40.0,46.6,66.7,56.7,,56.7,,1.3,26.0,28.6,14.8,17|141,Illinois
72,0500000US17143,Peoria County,170084,155479,14605,5382,1239,3649,494,3902,812,2591,499,3836,608,3000,228,1485,369,928,188,134049,126414,7635,3162,4473,91.4,8.6,3.2,0.7,2.1,0.3,2.3,0.5,1.5,0.3,2.3,0.4,1.8,0.1,0.9,0.2,0.5,0.1,94.3,5.7,2.4,3.3,166169,10690,3711,971,2442,298,3260,780,2198,282,2598,490,2020,88,1121,345,742,34,132349,5935,2413,3522,97.7,73.2,69.0,78.4,66.9,60.3,83.5,96.1,84.8,56.5,67.7,80.6,67.3,38.6,75.5,93.5,80.0,18.1,98.7,77.7,76.3,78.7,3915,3915,1671,268,1207,196,642,32,393,217,1238,118,980,140,364,24,186,154,1700,1700,749,951,2.3,26.8,31.0,21.6,33.1,39.7,16.5,3.9,15.2,43.5,32.3,19.4,32.7,61.4,24.5,6.5,20.0,81.9,1.3,22.3,23.7,21.3,17|143,Illinois
73,0500000US17145,Perry County,20107,19152,955,532,11,505,16,384,20,138,226,39,0,23,16,0,0,0,0,16918,16124,794,428,366,95.3,4.7,2.6,0.1,2.5,0.1,1.9,0.1,0.7,1.1,0.2,0.0,0.1,0.1,0.0,0.0,0.0,0.0,95.3,4.7,2.5,2.2,19896,744,411,10,391,10,333,20,87,226,0,0,0,0,0,0,0,0,16745,621,328,293,99.0,77.9,77.3,90.9,77.4,62.5,86.7,100.0,63.0,100.0,0.0,,0.0,0.0,,,,,99.0,78.2,76.6,80.1,211,211,121,1,114,6,51,0,51,0,39,0,23,16,0,0,0,0,173,173,100,73,1.0,22.1,22.7,9.1,22.6,37.5,13.3,0.0,37.0,0.0,100.0,,100.0,100.0,,,,,1.0,21.8,23.4,19.9,17|145,Illinois
74,0500000US17147,Piatt County,15732,15411,321,179,36,138,5,118,6,110,2,11,0,2,9,13,0,0,13,12881,12647,234,124,110,98.0,2.0,1.1,0.2,0.9,0.0,0.8,0.0,0.7,0.0,0.1,0.0,0.0,0.1,0.1,0.0,0.0,0.1,98.2,1.8,1.0,0.9,15627,216,130,30,95,5,73,6,65,2,0,0,0,0,13,0,0,13,12791,144,90,54,99.3,67.3,72.6,83.3,68.8,100.0,61.9,100.0,59.1,100.0,0.0,,0.0,0.0,100.0,,,100.0,99.3,61.5,72.6,49.1,105,105,49,6,43,0,45,0,45,0,11,0,2,9,0,0,0,0,90,90,34,56,0.7,32.7,27.4,16.7,31.2,0.0,38.1,0.0,40.9,0.0,100.0,,100.0,100.0,0.0,,,0.0,0.7,38.5,27.4,50.9,17|147,Illinois
75,0500000US17149,Pike County,14006,13607,399,156,40,101,15,212,52,158,2,31,3,28,0,0,0,0,0,11452,11215,237,111,126,97.2,2.8,1.1,0.3,0.7,0.1,1.5,0.4,1.1,0.0,0.2,0.0,0.2,0.0,0.0,0.0,0.0,0.0,97.9,2.1,1.0,1.1,13955,348,117,40,66,11,204,49,153,2,27,3,24,0,0,0,0,0,11412,197,77,120,99.6,87.2,75.0,100.0,65.3,73.3,96.2,94.2,96.8,100.0,87.1,100.0,85.7,,,,,,99.7,83.1,69.4,95.2,51,51,39,0,35,4,8,3,5,0,4,0,4,0,0,0,0,0,40,40,34,6,0.4,12.8,25.0,0.0,34.7,26.7,3.8,5.8,3.2,0.0,12.9,0.0,14.3,,,,,,0.3,16.9,30.6,4.8,17|149,Illinois
76,0500000US17151,Pope County,3641,3466,175,156,96,49,11,10,0,2,8,9,0,8,1,0,0,0,0,3107,3044,63,50,13,95.2,4.8,4.3,2.6,1.3,0.3,0.3,0.0,0.1,0.2,0.2,0.0,0.2,0.0,0.0,0.0,0.0,0.0,98.0,2.0,1.6,0.4,3612,146,133,83,39,11,8,0,0,8,5,0,4,1,0,0,0,0,3097,53,40,13,99.2,83.4,85.3,86.5,79.6,100.0,80.0,,0.0,100.0,55.6,,50.0,100.0,,,,,99.7,84.1,80.0,100.0,29,29,23,13,10,0,2,0,2,0,4,0,4,0,0,0,0,0,10,10,10,0,0.8,16.6,14.7,13.5,20.4,0.0,20.0,,100.0,0.0,44.4,,50.0,0.0,,,,,0.3,15.9,20.0,0.0,17|151,Illinois
77,0500000US17153,Pulaski County,4997,4940,57,16,0,10,6,2,0,2,0,10,0,8,2,29,8,3,18,4152,4111,41,8,33,98.9,1.1,0.3,0.0,0.2,0.1,0.0,0.0,0.0,0.0,0.2,0.0,0.2,0.0,0.6,0.2,0.1,0.4,99.0,1.0,0.2,0.8,4966,26,8,0,2,6,2,0,2,0,8,0,8,0,8,8,0,0,4128,17,7,10,99.4,45.6,50.0,,20.0,100.0,100.0,,100.0,,80.0,,100.0,0.0,27.6,100.0,0.0,0.0,99.4,41.5,87.5,30.3,31,31,8,0,8,0,0,0,0,0,2,0,0,2,21,0,3,18,24,24,1,23,0.6,54.4,50.0,,80.0,0.0,0.0,,0.0,,20.0,,0.0,100.0,72.4,0.0,100.0,100.0,0.6,58.5,12.5,69.7,17|153,Illinois
78,0500000US17155,Putnam County,5313,5132,181,124,13,105,6,55,3,38,14,2,0,0,2,0,0,0,0,4475,4318,157,109,48,96.6,3.4,2.3,0.2,2.0,0.1,1.0,0.1,0.7,0.3,0.0,0.0,0.0,0.0,0.0,0.0,0.0,0.0,96.5,3.5,2.4,1.1,5283,151,94,3,85,6,55,3,38,14,2,0,0,2,0,0,0,0,4457,139,91,48,99.4,83.4,75.8,23.1,81.0,100.0,100.0,100.0,100.0,100.0,100.0,,,100.0,,,,,99.6,88.5,83.5,100.0,30,30,30,10,20,0,0,0,0,0,0,0,0,0,0,0,0,0,18,18,18,0,0.6,16.6,24.2,76.9,19.0,0.0,0.0,0.0,0.0,0.0,0.0,,,0.0,,,,,0.4,11.5,16.5,0.0,17|155,Illinois
79,0500000US17157,Randolph County,29129,27756,1373,778,140,588,50,231,47,106,78,203,60,142,1,161,10,151,0,24221,23468,753,408,345,95.3,4.7,2.7,0.5,2.0,0.2,0.8,0.2,0.4,0.3,0.7,0.2,0.5,0.0,0.6,0.0,0.5,0.0,96.9,3.1,1.7,1.4,28730,974,513,140,364,9,123,19,76,28,200,59,140,1,138,0,138,0,24018,550,274,276,98.6,70.9,65.9,100.0,61.9,18.0,53.2,40.4,71.7,35.9,98.5,98.3,98.6,100.0,85.7,0.0,91.4,,99.2,73.0,67.2,80.0,399,399,265,0,224,41,108,28,30,50,3,1,2,0,23,10,13,0,203,203,134,69,1.4,29.1,34.1,0.0,38.1,82.0,46.8,59.6,28.3,64.1,1.5,1.7,1.4,0.0,14.3,100.0,8.6,,0.8,27.0,32.8,20.0,17|157,Illinois
80,0500000US17159,Richland County,14830,14303,527,312,40,272,0,150,7,70,73,65,0,50,15,0,0,0,0,12026,11654,372,200,172,96.4,3.6,2.1,0.3,1.8,0.0,1.0,0.0,0.5,0.5,0.4,0.0,0.3,0.1,0.0,0.0,0.0,0.0,96.9,3.1,1.7,1.4,14540,237,171,40,131,0,34,7,17,10,32,0,17,15,0,0,0,0,11769,115,59,56,98.0,45.0,54.8,100.0,48.2,,22.7,100.0,24.3,13.7,49.2,,34.0,100.0,,,,,97.9,30.9,29.5,32.6,290,290,141,0,141,0,116,0,53,63,33,0,33,0,0,0,0,0,257,257,141,116,2.0,55.0,45.2,0.0,51.8,,77.3,0.0,75.7,86.3,50.8,,66.0,0.0,,,,,2.1,69.1,70.5,67.4,17|159,Illinois
81,0500000US17161,Rock Island County,135974,117511,18463,10484,2358,7243,883,3224,486,2415,323,2510,630,1524,356,2245,778,1411,56,106218,97617,8601,5467,3134,86.4,13.6,7.7,1.7,5.3,0.6,2.4,0.4,1.8,0.2,1.8,0.5,1.1,0.3,1.7,0.6,1.0,0.0,91.9,8.1,5.1,3.0,129359,11848,7422,2131,4706,585,2101,434,1464,203,1228,534,552,142,1097,520,561,16,103794,6177,4519,1658,95.1,64.2,70.8,90.4,65.0,66.3,65.2,89.3,60.6,62.8,48.9,84.8,36.2,39.9,48.9,66.8,39.8,28.6,97.7,71.8,82.7,52.9,6615,6615,3062,227,2537,298,1123,52,951,120,1282,96,972,214,1148,258,850,40,2424,2424,948,1476,4.9,35.8,29.2,9.6,35.0,33.7,34.8,10.7,39.4,37.2,51.1,15.2,63.8,60.1,51.1,33.2,60.2,71.4,2.3,28.2,17.3,47.1,17|161,Illinois
82,0500000US17163,"St, Clair County",242642,231047,11595,5875,1207,4263,405,2821,465,1885,471,1865,162,1249,454,1034,168,850,16,194040,186753,7287,3562,3725,95.2,4.8,2.4,0.5,1.8,0.2,1.2,0.2,0.8,0.2,0.8,0.1,0.5,0.2,0.4,0.1,0.4,0.0,96.2,3.8,1.8,1.9,239002,7955,3861,805,2823,233,2245,386,1484,375,1014,110,629,275,835,168,667,0,192206,5453,2662,2791,98.5,68.6,65.7,66.7,66.2,57.5,79.6,83.0,78.7,79.6,54.4,67.9,50.4,60.6,80.8,100.0,78.5,0.0,99.1,74.8,74.7,74.9,3640,3640,2014,402,1440,172,576,79,401,96,851,52,620,179,199,0,183,16,1834,1834,900,934,1.5,31.4,34.3,33.3,33.8,42.5,20.4,17.0,21.3,20.4,45.6,32.1,49.6,39.4,19.2,0.0,21.5,100.0,0.9,25.2,25.3,25.1,17|163,Illinois
83,0500000US17165,Saline County,22398,21601,797,303,87,187,29,333,104,229,0,114,41,50,23,47,0,39,8,18618,18145,473,202,271,96.4,3.6,1.4,0.4,0.8,0.1,1.5,0.5,1.0,0.0,0.5,0.2,0.2,0.1,0.2,0.0,0.2,0.0,97.5,2.5,1.1,1.5,22086,485,262,87,167,8,169,35,134,0,41,41,0,0,13,0,13,0,18463,318,171,147,98.6,60.9,86.5,100.0,89.3,27.6,50.8,33.7,58.5,,36.0,100.0,0.0,0.0,27.7,,33.3,0.0,99.2,67.2,84.7,54.2,312,312,41,0,20,21,164,69,95,0,73,0,50,23,34,0,26,8,155,155,31,124,1.4,39.1,13.5,0.0,10.7,72.4,49.2,66.3,41.5,,64.0,0.0,100.0,100.0,72.3,,66.7,100.0,0.8,32.8,15.3,45.8,17|165,Illinois
84,0500000US17167,Sangamon County,185582,177312,8270,3022,518,2186,318,2692,353,1920,419,1966,313,1382,271,590,158,372,60,150240,145707,4533,2031,2502,95.5,4.5,1.6,0.3,1.2,0.2,1.5,0.2,1.0,0.2,1.1,0.2,0.7,0.1,0.3,0.1,0.2,0.0,97.0,3.0,1.4,1.7,183295,5983,2221,310,1638,273,1959,276,1395,288,1324,240,988,96,479,158,288,33,149204,3497,1661,1836,98.8,72.3,73.5,59.8,74.9,85.8,72.8,78.2,72.7,68.7,67.3,76.7,71.5,35.4,81.2,100.0,77.4,55.0,99.3,77.1,81.8,73.4,2287,2287,801,208,548,45,733,77,525,131,642,73,394,175,111,0,84,27,1036,1036,370,666,1.2,27.7,26.5,40.2,25.1,14.2,27.2,21.8,27.3,31.3,32.7,23.3,28.5,64.6,18.8,0.0,22.6,45.0,0.7,22.9,18.2,26.6,17|167,Illinois
85,0500000US17169,Schuyler County,6694,6559,135,54,0,53,1,81,0,47,34,0,0,0,0,0,0,0,0,5685,5608,77,54,23,98.0,2.0,0.8,0.0,0.8,0.0,1.2,0.0,0.7,0.5,0.0,0.0,0.0,0.0,0.0,0.0,0.0,0.0,98.6,1.4,0.9,0.4,6626,67,44,0,44,0,23,0,0,23,0,0,0,0,0,0,0,0,5675,67,44,23,99.0,49.6,81.5,,83.0,0.0,28.4,,0.0,67.6,,,,,,,,,99.8,87.0,81.5,100.0,68,68,10,0,9,1,58,0,47,11,0,0,0,0,0,0,0,0,10,10,10,0,1.0,50.4,18.5,,17.0,100.0,71.6,,100.0,32.4,,,,,,,,,0.2,13.0,18.5,0.0,17|169,Illinois
86,0500000US17171,Scott County,4692,4615,77,19,0,19,0,16,0,5,11,42,16,21,5,0,0,0,0,3821,3769,52,19,33,98.4,1.6,0.4,0.0,0.4,0.0,0.3,0.0,0.1,0.2,0.9,0.3,0.4,0.1,0.0,0.0,0.0,0.0,98.6,1.4,0.5,0.9,4684,69,17,0,17,0,15,0,5,10,37,16,21,0,0,0,0,0,3813,44,17,27,99.8,89.6,89.5,,89.5,,93.8,,100.0,90.9,88.1,100.0,100.0,0.0,,,,,99.8,84.6,89.5,81.8,8,8,2,0,2,0,1,0,0,1,5,0,0,5,0,0,0,0,8,8,2,6,0.2,10.4,10.5,,10.5,,6.3,,0.0,9.1,11.9,0.0,0.0,100.0,,,,,0.2,15.4,10.5,18.2,17|171,Illinois
87,0500000US17173,Shelby County,20003,19634,369,157,39,99,19,176,14,146,16,36,0,28,8,0,0,0,0,16494,16237,257,105,152,98.2,1.8,0.8,0.2,0.5,0.1,0.9,0.1,0.7,0.1,0.2,0.0,0.1,0.0,0.0,0.0,0.0,0.0,98.4,1.6,0.6,0.9,19942,308,121,37,84,0,153,14,123,16,34,0,26,8,0,0,0,0,16472,235,84,151,99.7,83.5,77.1,94.9,84.8,0.0,86.9,100.0,84.2,100.0,94.4,,92.9,100.0,,,,,99.9,91.4,80.0,99.3,61,61,36,2,15,19,23,0,23,0,2,0,2,0,0,0,0,0,22,22,21,1,0.3,16.5,22.9,5.1,15.2,100.0,13.1,0.0,15.8,0.0,5.6,,7.1,0.0,,,,,0.1,8.6,20.0,0.7,17|173,Illinois
88,0500000US17175,Stark County,5161,4992,169,73,0,51,22,49,2,43,4,27,0,18,9,20,0,20,0,4217,4100,117,54,63,96.7,3.3,1.4,0.0,1.0,0.4,0.9,0.0,0.8,0.1,0.5,0.0,0.3,0.2,0.4,0.0,0.4,0.0,97.2,2.8,1.3,1.5,5110,118,62,0,40,22,25,2,19,4,11,0,11,0,20,0,20,0,4200,100,46,54,99.0,69.8,84.9,,78.4,100.0,51.0,100.0,44.2,100.0,40.7,,61.1,0.0,100.0,,100.0,,99.6,85.5,85.2,85.7,51,51,11,0,11,0,24,0,24,0,16,0,7,9,0,0,0,0,17,17,8,9,1.0,30.2,15.1,,21.6,0.0,49.0,0.0,55.8,0.0,59.3,,38.9,100.0,0.0,,0.0,,0.4,14.5,14.8,14.3,17|175,Illinois
89,0500000US17177,Stephenson County,42246,40887,1359,809,132,593,84,328,47,220,61,200,27,147,26,22,0,0,22,34806,33909,897,552,345,96.8,3.2,1.9,0.3,1.4,0.2,0.8,0.1,0.5,0.1,0.5,0.1,0.3,0.1,0.1,0.0,0.0,0.1,97.4,2.6,1.6,1.0,41812,925,549,0,493,56,266,47,165,54,98,9,81,8,12,0,0,12,34637,728,499,229,99.0,68.1,67.9,0.0,83.1,66.7,81.1,100.0,75.0,88.5,49.0,33.3,55.1,30.8,54.5,,,54.5,99.5,81.2,90.4,66.4,434,434,260,132,100,28,62,0,55,7,102,18,66,18,10,0,0,10,169,169,53,116,1.0,31.9,32.1,100.0,16.9,33.3,18.9,0.0,25.0,11.5,51.0,66.7,44.9,69.2,45.5,,,45.5,0.5,18.8,9.6,33.6,17|177,Illinois
90,0500000US17179,Tazewell County,124577,121339,3238,1490,174,1126,190,818,107,563,148,843,124,599,120,87,7,68,12,100970,98924,2046,1026,1020,97.4,2.6,1.2,0.1,0.9,0.2,0.7,0.1,0.5,0.1,0.7,0.1,0.5,0.1,0.1,0.0,0.1,0.0,98.0,2.0,1.0,1.0,123746,2407,1067,130,806,131,721,107,480,134,532,121,372,39,87,7,68,12,100496,1572,826,746,99.3,74.3,71.6,74.7,71.6,68.9,88.1,100.0,85.3,90.5,63.1,97.6,62.1,32.5,100.0,100.0,100.0,100.0,99.5,76.8,80.5,73.1,831,831,423,44,320,59,97,0,83,14,311,3,227,81,0,0,0,0,474,474,200,274,0.7,25.7,28.4,25.3,28.4,31.1,11.9,0.0,14.7,9.5,36.9,2.4,37.9,67.5,0.0,0.0,0.0,0.0,0.5,23.2,19.5,26.9,17|179,Illinois
91,0500000US17181,Union County,16329,15441,888,754,227,471,56,40,0,25,15,91,10,76,5,3,0,3,0,13452,12915,537,434,103,94.6,5.4,4.6,1.4,2.9,0.3,0.2,0.0,0.2,0.1,0.6,0.1,0.5,0.0,0.0,0.0,0.0,0.0,96.0,4.0,3.2,0.8,15999,558,459,62,348,49,33,0,18,15,63,0,60,3,3,0,3,0,13328,413,321,92,98.0,62.8,60.9,27.3,73.9,87.5,82.5,,72.0,100.0,69.2,0.0,78.9,60.0,100.0,,100.0,,99.1,76.9,74.0,89.3,330,330,295,165,123,7,7,0,7,0,28,10,16,2,0,0,0,0,124,124,113,11,2.0,37.2,39.1,72.7,26.1,12.5,17.5,,28.0,0.0,30.8,100.0,21.1,40.0,0.0,,0.0,,0.9,23.1,26.0,10.7,17|181,Illinois
92,0500000US17183,Vermilion County,70287,67274,3013,2102,445,1432,225,364,31,196,137,403,21,252,130,144,24,91,29,56527,54614,1913,1246,667,95.7,4.3,3.0,0.6,2.0,0.3,0.5,0.0,0.3,0.2,0.6,0.0,0.4,0.2,0.2,0.0,0.1,0.0,96.6,3.4,2.2,1.2,68874,1600,1020,316,615,89,323,31,170,122,129,18,90,21,128,24,75,29,55640,1026,628,398,98.0,53.1,48.5,71.0,42.9,39.6,88.7,100.0,86.7,89.1,32.0,85.7,35.7,16.2,88.9,100.0,82.4,100.0,98.4,53.6,50.4,59.7,1413,1413,1082,129,817,136,41,0,26,15,274,3,162,109,16,0,16,0,887,887,618,269,2.0,46.9,51.5,29.0,57.1,60.4,11.3,0.0,13.3,10.9,68.0,14.3,64.3,83.8,11.1,0.0,17.6,0.0,1.6,46.4,49.6,40.3,17|183,Illinois
93,0500000US17185,Wabash County,10753,10263,490,249,27,209,13,156,0,150,6,79,0,79,0,6,0,5,1,8735,8395,340,163,177,95.4,4.6,2.3,0.3,1.9,0.1,1.5,0.0,1.4,0.1,0.7,0.0,0.7,0.0,0.1,0.0,0.0,0.0,96.1,3.9,1.9,2.0,10488,225,127,2,112,13,92,0,89,3,1,0,1,0,5,0,5,0,8553,158,82,76,97.5,45.9,51.0,7.4,53.6,100.0,59.0,,59.3,50.0,1.3,,1.3,,83.3,,100.0,0.0,97.9,46.5,50.3,42.9,265,265,122,25,97,0,64,0,61,3,78,0,78,0,1,0,0,1,182,182,81,101,2.5,54.1,49.0,92.6,46.4,0.0,41.0,,40.7,50.0,98.7,,98.7,,16.7,,0.0,100.0,2.1,53.5,49.7,57.1,17|185,Illinois
94,0500000US17187,Warren County,15997,14363,1634,919,213,677,29,469,161,293,15,184,64,120,0,62,0,62,0,12775,11989,786,447,339,89.8,10.2,5.7,1.3,4.2,0.2,2.9,1.0,1.8,0.1,1.2,0.4,0.8,0.0,0.4,0.0,0.4,0.0,93.8,6.2,3.5,2.7,15259,896,484,177,296,11,297,134,148,15,53,35,18,0,62,0,62,0,12391,402,230,172,95.4,54.8,52.7,83.1,43.7,37.9,63.3,83.2,50.5,100.0,28.8,54.7,15.0,,100.0,,100.0,,97.0,51.1,51.5,50.7,738,738,435,36,381,18,172,27,145,0,131,29,102,0,0,0,0,0,384,384,217,167,4.6,45.2,47.3,16.9,56.3,62.1,36.7,16.8,49.5,0.0,71.2,45.3,85.0,,0.0,,0.0,,3.0,48.9,48.5,49.3,17|187,Illinois
95,0500000US17189,Washington County,13092,12795,297,101,67,22,12,97,5,36,56,99,6,12,81,0,0,0,0,10861,10655,206,26,180,97.7,2.3,0.8,0.5,0.2,0.1,0.7,0.0,0.3,0.4,0.8,0.0,0.1,0.6,0.0,0.0,0.0,0.0,98.1,1.9,0.2,1.7,12971,176,90,67,14,9,74,0,18,56,12,6,6,0,0,0,0,0,10758,103,23,80,99.1,59.3,89.1,100.0,63.6,75.0,76.3,0.0,50.0,100.0,12.1,100.0,50.0,0.0,,,,,99.1,50.0,88.5,44.4,121,121,11,0,8,3,23,5,18,0,87,0,6,81,0,0,0,0,103,103,3,100,0.9,40.7,10.9,0.0,36.4,25.0,23.7,100.0,50.0,0.0,87.9,0.0,50.0,100.0,,,,,0.9,50.0,11.5,55.6,17|189,Illinois
96,0500000US17191,Wayne County,15256,14321,935,286,46,224,16,639,227,389,23,10,3,5,2,0,0,0,0,12361,11848,513,117,396,93.9,6.1,1.9,0.3,1.5,0.1,4.2,1.5,2.5,0.2,0.1,0.0,0.0,0.0,0.0,0.0,0.0,0.0,95.8,4.2,0.9,3.2,15137,816,246,41,203,2,560,223,322,15,10,3,5,2,0,0,0,0,12272,424,83,341,99.2,87.3,86.0,89.1,90.6,12.5,87.6,98.2,82.8,65.2,100.0,100.0,100.0,100.0,,,,,99.3,82.7,70.9,86.1,119,119,40,5,21,14,79,4,67,8,0,0,0,0,0,0,0,0,89,89,34,55,0.8,12.7,14.0,10.9,9.4,87.5,12.4,1.8,17.2,34.8,0.0,0.0,0.0,0.0,,,,,0.7,17.3,29.1,13.9,17|191,Illinois
97,0500000US17193,White County,13209,13023,186,55,10,33,12,84,0,58,26,36,0,31,5,11,0,11,0,10802,10694,108,38,70,98.6,1.4,0.4,0.1,0.2,0.1,0.6,0.0,0.4,0.2,0.3,0.0,0.2,0.0,0.1,0.0,0.1,0.0,99.0,1.0,0.4,0.6,13181,158,36,10,21,5,84,0,58,26,27,0,24,3,11,0,11,0,10788,94,26,68,99.8,84.9,65.5,100.0,63.6,41.7,100.0,,100.0,100.0,75.0,,77.4,60.0,100.0,,100.0,,99.9,87.0,68.4,97.1,28,28,19,0,12,7,0,0,0,0,9,0,7,2,0,0,0,0,14,14,12,2,0.2,15.1,34.5,0.0,36.4,58.3,0.0,,0.0,0.0,25.0,,22.6,40.0,0.0,,0.0,,0.1,13.0,31.6,2.9,17|193,Illinois
98,0500000US17195,Whiteside County,52817,48954,3863,2705,491,1815,399,704,85,466,153,270,41,213,16,184,15,157,12,42652,40238,2414,1669,745,92.7,7.3,5.1,0.9,3.4,0.8,1.3,0.2,0.9,0.3,0.5,0.1,0.4,0.0,0.3,0.0,0.3,0.0,94.3,5.7,3.9,1.7,51569,2615,1800,465,1134,201,559,85,346,128,123,0,112,11,133,8,113,12,42008,1770,1139,631,97.6,67.7,66.5,94.7,62.5,50.4,79.4,100.0,74.2,83.7,45.6,0.0,52.6,68.8,72.3,53.3,72.0,100.0,98.5,73.3,68.2,84.7,1248,1248,905,26,681,198,145,0,120,25,147,41,101,5,51,7,44,0,644,644,530,114,2.4,32.3,33.5,5.3,37.5,49.6,20.6,0.0,25.8,16.3,54.4,100.0,47.4,31.3,27.7,46.7,28.0,0.0,1.5,26.7,31.8,15.3,17|195,Illinois
99,0500000US17197,Will County,656784,521895,134889,81806,18723,58168,4915,29439,3720,21373,4346,16721,1848,12275,2598,6923,1263,4932,728,489929,411464,78465,42901,35564,79.5,20.5,12.5,2.9,8.9,0.7,4.5,0.6,3.3,0.7,2.5,0.3,1.9,0.4,1.1,0.2,0.8,0.1,84.0,16.0,8.8,7.3,607818,85923,49331,14979,32515,1837,20283,3267,14894,2122,11108,1522,8458,1128,5201,1192,3645,364,466788,55324,29602,25722,92.5,63.7,60.3,80.0,55.9,37.4,68.9,87.8,69.7,48.8,66.4,82.4,68.9,43.4,75.1,94.4,73.9,50.0,95.3,70.5,69.0,72.3,48966,48966,32475,3744,25653,3078,9156,453,6479,2224,5613,326,3817,1470,1722,71,1287,364,23141,23141,13299,9842,7.5,36.3,39.7,20.0,44.1,62.6,31.1,12.2,30.3,51.2,33.6,17.6,31.1,56.6,24.9,5.6,26.1,50.0,4.7,29.5,31.0,27.7,17|197,Illinois
100,0500000US17199,Williamson County,63439,61088,2351,1207,57,1019,131,466,17,354,95,580,138,383,59,98,0,98,0,51845,50324,1521,928,593,96.3,3.7,1.9,0.1,1.6,0.2,0.7,0.0,0.6,0.1,0.9,0.2,0.6,0.1,0.2,0.0,0.2,0.0,97.1,2.9,1.8,1.1,62842,1754,932,57,780,95,439,17,335,87,287,112,144,31,96,0,96,0,51529,1205,719,486,99.1,74.6,77.2,100.0,76.5,72.5,94.2,100.0,94.6,91.6,49.5,81.2,37.6,52.5,98.0,,98.0,,99.4,79.2,77.5,82.0,597,597,275,0,239,36,27,0,19,8,293,26,239,28,2,0,2,0,316,316,209,107,0.9,25.4,22.8,0.0,23.5,27.5,5.8,0.0,5.4,8.4,50.5,18.8,62.4,47.5,2.0,,2.0,,0.6,20.8,22.5,18.0,17|199,Illinois
101,0500000US17201,Winnebago County,267634,227562,40072,25670,6967,17108,1595,5620,466,4068,1086,4530,562,2986,982,4252,1097,3028,127,205788,185829,19959,12002,7957,85.0,15.0,9.6,2.6,6.4,0.6,2.1,0.2,1.5,0.4,1.7,0.2,1.1,0.4,1.6,0.4,1.1,0.0,90.3,9.7,5.8,3.9,255114,27552,17617,5504,11333,780,3992,409,2997,586,2943,262,1973,708,3000,708,2184,108,200442,14613,9121,5492,95.3,68.8,68.6,79.0,66.2,48.9,71.0,87.8,73.7,54.0,65.0,46.6,66.1,72.1,70.6,64.5,72.1,85.0,97.4,73.2,76.0,69.0,12520,12520,8053,1463,5775,815,1628,57,1071,500,1587,300,1013,274,1252,389,844,19,5346,5346,2881,2465,4.7,31.2,31.4,21.0,33.8,51.1,29.0,12.2,26.3,46.0,35.0,53.4,33.9,27.9,29.4,35.5,27.9,15.0,2.6,26.8,24.0,31.0,17|201,Illinois
102,0500000US17203,Woodford County,36306,35651,655,326,57,259,10,237,45,175,17,80,0,80,0,12,0,7,5,28962,28493,469,254,215,98.2,1.8,0.9,0.2,0.7,0.0,0.7,0.1,0.5,0.0,0.2,0.0,0.2,0.0,0.0,0.0,0.0,0.0,98.4,1.6,0.9,0.7,36113,462,213,26,181,6,185,14,160,11,57,0,57,0,7,0,2,5,28855,362,187,175,99.5,70.5,65.3,45.6,69.9,60.0,78.1,31.1,91.4,64.7,71.3,,71.3,,58.3,,28.6,100.0,99.6,77.2,73.6,81.4,193,193,113,31,78,4,52,31,15,6,23,0,23,0,5,0,5,0,107,107,67,40,0.5,29.5,34.7,54.4,30.1,40.0,21.9,68.9,8.6,35.3,28.8,,28.8,,41.7,,71.4,0.0,0.4,22.8,26.4,18.6,17|203,Illinois
